Strategy,Date,Symbol,Action,Quantity,Price,Reason
mean_reversion,2023-04-04 00:00:00+09:00,1360.T,BUY,127,781.5,N/A
mean_reversion,2023-04-13 00:00:00+09:00,1360.T,BUY,126,788.0999755859375,N/A
mean_reversion,2023-04-14 00:00:00+09:00,1360.T,BUY,130,769.0,N/A
mean_reversion,2023-04-17 00:00:00+09:00,1360.T,BUY,130,766.5,N/A
mean_reversion,2023-04-18 00:00:00+09:00,1360.T,BUY,131,759.0,N/A
mean_reversion,2023-04-25 00:00:00+09:00,1360.T,BUY,131,760.0999755859375,N/A
mean_reversion,2023-04-26 00:00:00+09:00,1360.T,BUY,129,771.0,N/A
mean_reversion,2023-04-27 00:00:00+09:00,1360.T,BUY,129,769.9000244140625,N/A
mean_reversion,2023-04-28 00:00:00+09:00,1360.T,BUY,133,747.5,N/A
mean_reversion,2023-05-01 00:00:00+09:00,1360.T,BUY,136,733.2000122070312,N/A
mean_reversion,2023-07-10 00:00:00+09:00,1360.T,SELL,170,587.4000244140625,N/A
mean_reversion,2023-07-12 00:00:00+09:00,1579.T,BUY,4,20545.0,N/A
mean_reversion,2023-07-12 00:00:00+09:00,1360.T,SELL,167,598.0,N/A
mean_reversion,2023-08-01 00:00:00+09:00,1360.T,BUY,184,541.7000122070312,N/A
mean_reversion,2023-08-21 00:00:00+09:00,1360.T,SELL,164,606.7999877929688,N/A
mean_reversion,2023-08-22 00:00:00+09:00,1579.T,BUY,4,20400.0,N/A
mean_reversion,2023-08-22 00:00:00+09:00,1360.T,SELL,168,594.5,N/A
mean_reversion,2023-09-06 00:00:00+09:00,1579.T,SELL,4,22185.0,N/A
mean_reversion,2023-09-06 00:00:00+09:00,1579.T,SELL,4,22185.0,N/A
mean_reversion,2023-09-06 00:00:00+09:00,1360.T,BUY,183,543.9000244140625,N/A
mean_reversion,2023-09-07 00:00:00+09:00,1360.T,BUY,181,551.2999877929688,N/A
mean_reversion,2023-09-14 00:00:00+09:00,1360.T,BUY,183,543.5999755859375,N/A
mean_reversion,2023-10-03 00:00:00+09:00,1360.T,SELL,165,604.5999755859375,N/A
mean_reversion,2023-10-04 00:00:00+09:00,1579.T,BUY,5,18925.0,N/A
mean_reversion,2023-10-04 00:00:00+09:00,1360.T,SELL,158,631.4000244140625,N/A
mean_reversion,2023-10-04 00:00:00+09:00,1360.T,SELL,158,631.4000244140625,N/A
mean_reversion,2023-10-05 00:00:00+09:00,1579.T,BUY,5,19580.0,N/A
mean_reversion,2023-10-05 00:00:00+09:00,1360.T,SELL,164,609.0,N/A
mean_reversion,2023-10-06 00:00:00+09:00,1579.T,BUY,5,19515.0,N/A
mean_reversion,2023-10-06 00:00:00+09:00,1360.T,SELL,163,610.5,N/A
mean_reversion,2023-11-06 00:00:00+09:00,1360.T,BUY,184,542.0,N/A
mean_reversion,2023-11-15 00:00:00+09:00,1579.T,SELL,4,22640.0,N/A
mean_reversion,2023-11-15 00:00:00+09:00,1579.T,SELL,4,22640.0,N/A
mean_reversion,2023-11-15 00:00:00+09:00,1360.T,BUY,194,513.9000244140625,N/A
mean_reversion,2023-11-16 00:00:00+09:00,1579.T,SELL,4,22480.0,N/A
mean_reversion,2023-11-16 00:00:00+09:00,1360.T,BUY,193,517.7000122070312,N/A
mean_reversion,2023-11-17 00:00:00+09:00,1360.T,BUY,195,512.7000122070312,N/A
mean_reversion,2023-12-08 00:00:00+09:00,1579.T,BUY,4,20980.0,N/A
mean_reversion,2023-12-08 00:00:00+09:00,1360.T,SELL,181,551.7999877929688,N/A
mean_reversion,2024-01-10 00:00:00+09:00,1579.T,SELL,4,23925.0,N/A
mean_reversion,2024-01-10 00:00:00+09:00,1360.T,BUY,208,479.0,N/A
mean_reversion,2024-01-10 00:00:00+09:00,1360.T,BUY,208,479.0,N/A
mean_reversion,2024-01-12 00:00:00+09:00,1579.T,SELL,3,25450.0,N/A
mean_reversion,2024-04-16 00:00:00+09:00,1360.T,SELL,271,367.70001220703125,N/A
mean_reversion,2024-04-16 00:00:00+09:00,1360.T,SELL,271,367.70001220703125,N/A
mean_reversion,2024-04-17 00:00:00+09:00,1579.T,BUY,3,29100.0,N/A
mean_reversion,2024-04-17 00:00:00+09:00,1579.T,BUY,3,29100.0,N/A
mean_reversion,2024-04-17 00:00:00+09:00,1360.T,SELL,265,376.6000061035156,N/A
mean_reversion,2024-04-17 00:00:00+09:00,1360.T,SELL,265,376.6000061035156,N/A
mean_reversion,2024-04-18 00:00:00+09:00,1579.T,BUY,3,29255.0,N/A
mean_reversion,2024-04-18 00:00:00+09:00,1360.T,SELL,266,375.0,N/A
mean_reversion,2024-04-19 00:00:00+09:00,1579.T,BUY,3,27705.0,N/A
mean_reversion,2024-04-19 00:00:00+09:00,1579.T,BUY,3,27705.0,N/A
mean_reversion,2024-04-22 00:00:00+09:00,1579.T,BUY,3,28305.0,N/A
mean_reversion,2024-06-26 00:00:00+09:00,1579.T,SELL,3,31450.0,N/A
mean_reversion,2024-06-26 00:00:00+09:00,1360.T,BUY,294,339.79998779296875,N/A
mean_reversion,2024-07-25 00:00:00+09:00,1360.T,SELL,271,368.8999938964844,N/A
mean_reversion,2024-07-26 00:00:00+09:00,1579.T,BUY,354,282.29998779296875,N/A
mean_reversion,2024-08-05 00:00:00+09:00,1360.T,SELL,206,484.0,N/A
mean_reversion,2024-08-06 00:00:00+09:00,1579.T,BUY,442,226.0,N/A
mean_reversion,2024-08-26 00:00:00+09:00,1579.T,SELL,361,277.0,N/A
mean_reversion,2024-08-26 00:00:00+09:00,1360.T,BUY,304,328.6000061035156,N/A
mean_reversion,2024-08-27 00:00:00+09:00,1579.T,SELL,357,280.1000061035156,N/A
mean_reversion,2024-08-27 00:00:00+09:00,1360.T,BUY,307,324.79998779296875,N/A
mean_reversion,2024-09-09 00:00:00+09:00,1360.T,SELL,277,360.5,N/A
mean_reversion,2024-09-10 00:00:00+09:00,1579.T,BUY,401,249.1999969482422,N/A
mean_reversion,2024-09-10 00:00:00+09:00,1360.T,SELL,276,361.79998779296875,N/A
mean_reversion,2024-09-11 00:00:00+09:00,1579.T,BUY,413,241.8000030517578,N/A
mean_reversion,2024-09-27 00:00:00+09:00,1579.T,SELL,328,304.1000061035156,N/A
mean_reversion,2024-09-27 00:00:00+09:00,1579.T,SELL,328,304.1000061035156,N/A
mean_reversion,2024-09-27 00:00:00+09:00,1360.T,BUY,342,292.0,N/A
mean_reversion,2024-09-27 00:00:00+09:00,1360.T,BUY,342,292.0,N/A
mean_reversion,2025-02-25 00:00:00+09:00,1360.T,SELL,330,302.29998779296875,N/A
mean_reversion,2025-02-26 00:00:00+09:00,1579.T,BUY,363,274.8999938964844,N/A
mean_reversion,2025-02-26 00:00:00+09:00,1360.T,SELL,328,304.20001220703125,N/A
mean_reversion,2025-02-28 00:00:00+09:00,1579.T,BUY,383,261.0,N/A
mean_reversion,2025-04-25 00:00:00+09:00,1579.T,SELL,420,237.60000610351562,N/A
mean_reversion,2025-04-25 00:00:00+09:00,1360.T,BUY,320,311.79998779296875,N/A
mean_reversion,2025-04-30 00:00:00+09:00,1579.T,SELL,413,242.0,N/A
mean_reversion,2025-04-30 00:00:00+09:00,1360.T,BUY,326,306.29998779296875,N/A
momentum,2023-03-16 00:00:00+09:00,1360.T,BUY,113,878.5,N/A
momentum,2023-03-20 00:00:00+09:00,1360.T,BUY,170,878.7000122070312,N/A
momentum,2023-03-20 00:00:00+09:00,1360.T,BUY,113,878.7000122070312,N/A
momentum,2023-03-22 00:00:00+09:00,1360.T,BUY,177,846.5,N/A
momentum,2023-03-23 00:00:00+09:00,1360.T,BUY,176,848.0999755859375,N/A
momentum,2023-03-24 00:00:00+09:00,1360.T,BUY,176,851.5999755859375,N/A
momentum,2023-03-27 00:00:00+09:00,1360.T,BUY,177,844.0999755859375,N/A
momentum,2023-03-29 00:00:00+09:00,1360.T,SELL,182,822.5,N/A
momentum,2023-03-30 00:00:00+09:00,1579.T,BUY,9,15625.0,N/A
momentum,2023-03-30 00:00:00+09:00,1360.T,SELL,184,811.7999877929688,N/A
momentum,2023-03-31 00:00:00+09:00,1579.T,BUY,9,15960.0,N/A
momentum,2023-03-31 00:00:00+09:00,1360.T,SELL,188,794.7000122070312,N/A
momentum,2023-04-03 00:00:00+09:00,1579.T,BUY,9,16120.0,N/A
momentum,2023-04-03 00:00:00+09:00,1360.T,SELL,190,786.2000122070312,N/A
momentum,2023-04-04 00:00:00+09:00,1579.T,BUY,9,16230.0,N/A
momentum,2023-04-04 00:00:00+09:00,1360.T,SELL,191,781.5,N/A
momentum,2023-04-05 00:00:00+09:00,1579.T,BUY,9,15695.0,N/A
momentum,2023-04-21 00:00:00+09:00,1360.T,SELL,130,764.4000244140625,N/A
momentum,2023-04-24 00:00:00+09:00,1579.T,BUY,9,16545.0,N/A
momentum,2023-08-07 00:00:00+09:00,1579.T,SELL,7,20935.0,N/A
momentum,2023-08-08 00:00:00+09:00,1579.T,SELL,7,21040.0,N/A
momentum,2023-08-09 00:00:00+09:00,1579.T,SELL,7,20845.0,N/A
momentum,2023-08-10 00:00:00+09:00,1579.T,SELL,7,21220.0,N/A
momentum,2023-08-14 00:00:00+09:00,1579.T,SELL,7,20660.0,N/A
momentum,2023-08-14 00:00:00+09:00,1360.T,BUY,255,587.5,N/A
momentum,2023-08-15 00:00:00+09:00,1579.T,SELL,7,20870.0,N/A
momentum,2023-08-15 00:00:00+09:00,1360.T,BUY,257,581.5999755859375,N/A
momentum,2023-08-16 00:00:00+09:00,1579.T,SELL,7,20275.0,N/A
momentum,2023-08-16 00:00:00+09:00,1360.T,BUY,250,598.0,N/A
momentum,2023-08-17 00:00:00+09:00,1360.T,BUY,247,605.0,N/A
momentum,2023-08-18 00:00:00+09:00,1360.T,BUY,245,610.2000122070312,N/A
momentum,2023-08-21 00:00:00+09:00,1360.T,BUY,247,606.7999877929688,N/A
momentum,2023-08-22 00:00:00+09:00,1360.T,BUY,252,594.5,N/A
momentum,2023-09-01 00:00:00+09:00,1360.T,SELL,267,561.4000244140625,N/A
momentum,2023-09-04 00:00:00+09:00,1579.T,BUY,6,21750.0,N/A
momentum,2023-09-04 00:00:00+09:00,1360.T,SELL,270,555.0,N/A
momentum,2023-09-05 00:00:00+09:00,1579.T,BUY,6,21855.0,N/A
momentum,2023-09-05 00:00:00+09:00,1360.T,SELL,271,552.0999755859375,N/A
momentum,2023-09-06 00:00:00+09:00,1579.T,BUY,6,22185.0,N/A
momentum,2023-09-06 00:00:00+09:00,1360.T,SELL,275,543.9000244140625,N/A
momentum,2023-09-07 00:00:00+09:00,1579.T,BUY,6,21845.0,N/A
momentum,2023-09-07 00:00:00+09:00,1360.T,SELL,272,551.2999877929688,N/A
momentum,2023-09-08 00:00:00+09:00,1579.T,BUY,7,21335.0,N/A
momentum,2023-09-08 00:00:00+09:00,1360.T,SELL,265,565.0,N/A
momentum,2023-09-11 00:00:00+09:00,1579.T,BUY,7,21165.0,N/A
momentum,2023-09-28 00:00:00+09:00,1579.T,SELL,7,20595.0,N/A
momentum,2023-09-29 00:00:00+09:00,1579.T,SELL,7,20620.0,N/A
momentum,2023-09-29 00:00:00+09:00,1360.T,BUY,257,581.4000244140625,N/A
momentum,2023-10-02 00:00:00+09:00,1579.T,SELL,7,20520.0,N/A
momentum,2023-10-02 00:00:00+09:00,1360.T,BUY,256,584.2999877929688,N/A
momentum,2023-10-03 00:00:00+09:00,1579.T,SELL,7,19765.0,N/A
momentum,2023-10-03 00:00:00+09:00,1579.T,SELL,5,19765.0,N/A
momentum,2023-10-03 00:00:00+09:00,1360.T,BUY,248,604.5999755859375,N/A
momentum,2023-10-04 00:00:00+09:00,1579.T,SELL,7,18925.0,N/A
momentum,2023-10-04 00:00:00+09:00,1360.T,BUY,237,631.4000244140625,N/A
momentum,2023-10-05 00:00:00+09:00,1360.T,BUY,246,609.0,N/A
momentum,2023-11-07 00:00:00+09:00,1360.T,SELL,269,556.5,N/A
momentum,2023-11-08 00:00:00+09:00,1579.T,BUY,7,20860.0,N/A
momentum,2023-11-08 00:00:00+09:00,1360.T,SELL,268,559.7000122070312,N/A
momentum,2023-11-09 00:00:00+09:00,1579.T,BUY,6,21545.0,N/A
momentum,2023-11-09 00:00:00+09:00,1360.T,SELL,276,542.0,N/A
momentum,2023-11-10 00:00:00+09:00,1579.T,BUY,7,21420.0,N/A
momentum,2023-11-10 00:00:00+09:00,1360.T,SELL,275,544.7000122070312,N/A
momentum,2023-11-13 00:00:00+09:00,1579.T,BUY,7,21395.0,N/A
momentum,2023-11-13 00:00:00+09:00,1360.T,SELL,274,545.7999877929688,N/A
momentum,2023-11-14 00:00:00+09:00,1579.T,BUY,6,21580.0,N/A
momentum,2023-11-15 00:00:00+09:00,1579.T,BUY,6,22640.0,N/A
momentum,2023-12-07 00:00:00+09:00,1579.T,SELL,4,21760.0,N/A
momentum,2023-12-08 00:00:00+09:00,1360.T,BUY,181,551.7999877929688,N/A
momentum,2023-12-14 00:00:00+09:00,1579.T,SELL,4,21460.0,N/A
momentum,2024-01-10 00:00:00+09:00,1360.T,SELL,208,479.0,N/A
momentum,2024-01-11 00:00:00+09:00,1579.T,BUY,6,24795.0,N/A
momentum,2024-04-05 00:00:00+09:00,1579.T,SELL,3,30710.0,N/A
momentum,2024-04-17 00:00:00+09:00,1579.T,SELL,5,29100.0,N/A
momentum,2024-04-18 00:00:00+09:00,1579.T,SELL,5,29255.0,N/A
momentum,2024-04-18 00:00:00+09:00,1360.T,BUY,400,375.0,N/A
momentum,2024-04-19 00:00:00+09:00,1579.T,SELL,5,27705.0,N/A
momentum,2024-04-19 00:00:00+09:00,1579.T,SELL,3,27705.0,N/A
momentum,2024-04-19 00:00:00+09:00,1360.T,BUY,380,394.29998779296875,N/A
momentum,2024-04-19 00:00:00+09:00,1360.T,BUY,253,394.29998779296875,N/A
momentum,2024-04-22 00:00:00+09:00,1579.T,SELL,5,28305.0,N/A
momentum,2024-04-22 00:00:00+09:00,1360.T,BUY,389,385.29998779296875,N/A
momentum,2024-04-22 00:00:00+09:00,1360.T,BUY,259,385.29998779296875,N/A
momentum,2024-04-23 00:00:00+09:00,1579.T,SELL,5,28365.0,N/A
momentum,2024-04-23 00:00:00+09:00,1360.T,BUY,390,384.29998779296875,N/A
momentum,2024-04-24 00:00:00+09:00,1579.T,SELL,5,29745.0,N/A
momentum,2024-04-24 00:00:00+09:00,1360.T,BUY,408,367.0,N/A
momentum,2024-04-25 00:00:00+09:00,1360.T,BUY,392,382.0,N/A
momentum,2024-05-17 00:00:00+09:00,1360.T,SELL,418,358.0,N/A
momentum,2024-05-20 00:00:00+09:00,1360.T,SELL,425,352.3999938964844,N/A
momentum,2024-05-21 00:00:00+09:00,1360.T,SELL,422,354.8999938964844,N/A
momentum,2024-05-22 00:00:00+09:00,1360.T,SELL,415,361.0,N/A
momentum,2024-05-23 00:00:00+09:00,1579.T,BUY,4,30710.0,N/A
momentum,2024-05-23 00:00:00+09:00,1360.T,SELL,426,351.70001220703125,N/A
momentum,2024-05-24 00:00:00+09:00,1579.T,BUY,5,29910.0,N/A
momentum,2024-05-24 00:00:00+09:00,1360.T,SELL,415,360.8999938964844,N/A
momentum,2024-05-27 00:00:00+09:00,1579.T,BUY,4,30330.0,N/A
momentum,2024-05-28 00:00:00+09:00,1579.T,BUY,4,30310.0,N/A
momentum,2024-05-29 00:00:00+09:00,1579.T,BUY,5,29765.0,N/A
momentum,2024-05-30 00:00:00+09:00,1579.T,SELL,5,29015.0,N/A
momentum,2024-05-30 00:00:00+09:00,1579.T,SELL,3,29015.0,N/A
momentum,2024-05-31 00:00:00+09:00,1579.T,SELL,5,29695.0,N/A
momentum,2024-06-04 00:00:00+09:00,1579.T,BUY,4,30220.0,N/A
momentum,2024-06-10 00:00:00+09:00,1579.T,BUY,4,30570.0,N/A
momentum,2024-06-11 00:00:00+09:00,1579.T,BUY,4,30650.0,N/A
momentum,2024-06-12 00:00:00+09:00,1579.T,BUY,4,30270.0,N/A
momentum,2024-06-13 00:00:00+09:00,1579.T,BUY,4,30030.0,N/A
momentum,2024-06-17 00:00:00+09:00,1579.T,SELL,5,28990.0,N/A
momentum,2024-06-17 00:00:00+09:00,1579.T,SELL,3,28990.0,N/A
momentum,2024-06-18 00:00:00+09:00,1579.T,SELL,5,29510.0,N/A
momentum,2024-06-19 00:00:00+09:00,1579.T,SELL,5,29660.0,N/A
momentum,2024-06-20 00:00:00+09:00,1579.T,SELL,5,29810.0,N/A
momentum,2024-06-20 00:00:00+09:00,1579.T,SELL,3,29810.0,N/A
momentum,2024-06-21 00:00:00+09:00,1579.T,SELL,5,29805.0,N/A
momentum,2024-06-24 00:00:00+09:00,1579.T,BUY,3,30110.0,N/A
momentum,2024-06-25 00:00:00+09:00,1579.T,BUY,4,30700.0,N/A
momentum,2024-06-26 00:00:00+09:00,1579.T,BUY,4,31450.0,N/A
momentum,2024-06-26 00:00:00+09:00,1360.T,SELL,294,339.79998779296875,N/A
momentum,2024-06-27 00:00:00+09:00,1579.T,BUY,4,30880.0,N/A
momentum,2024-07-25 00:00:00+09:00,1360.T,BUY,271,368.8999938964844,N/A
momentum,2024-07-26 00:00:00+09:00,1360.T,BUY,402,372.79998779296875,N/A
momentum,2024-07-29 00:00:00+09:00,1360.T,BUY,421,355.70001220703125,N/A
momentum,2024-07-30 00:00:00+09:00,1360.T,BUY,421,355.79998779296875,N/A
momentum,2024-08-20 00:00:00+09:00,1360.T,SELL,456,328.5,N/A
momentum,2024-08-21 00:00:00+09:00,1360.T,SELL,453,330.79998779296875,N/A
momentum,2024-08-22 00:00:00+09:00,1360.T,SELL,458,327.0,N/A
momentum,2024-09-11 00:00:00+09:00,1360.T,BUY,402,372.3999938964844,N/A
momentum,2024-09-12 00:00:00+09:00,1360.T,BUY,432,346.79998779296875,N/A
momentum,2024-09-13 00:00:00+09:00,1360.T,BUY,425,352.3999938964844,N/A
momentum,2024-09-20 00:00:00+09:00,1360.T,SELL,454,329.70001220703125,N/A
momentum,2024-09-24 00:00:00+09:00,1360.T,SELL,460,326.0,N/A
momentum,2024-09-25 00:00:00+09:00,1360.T,SELL,458,327.20001220703125,N/A
momentum,2024-10-01 00:00:00+09:00,1579.T,BUY,348,286.79998779296875,N/A
momentum,2024-10-31 00:00:00+09:00,1579.T,BUY,342,292.20001220703125,N/A
momentum,2024-11-06 00:00:00+09:00,1579.T,BUY,336,297.5,N/A
momentum,2024-11-27 00:00:00+09:00,1360.T,BUY,485,309.20001220703125,N/A
momentum,2024-12-02 00:00:00+09:00,1579.T,SELL,355,281.6000061035156,N/A
momentum,2024-12-03 00:00:00+09:00,1360.T,SELL,514,291.29998779296875,N/A
momentum,2024-12-27 00:00:00+09:00,1579.T,BUY,485,309.0,N/A
momentum,2025-01-14 00:00:00+09:00,1579.T,SELL,356,280.79998779296875,N/A
momentum,2025-01-15 00:00:00+09:00,1579.T,SELL,534,280.3999938964844,N/A
momentum,2025-01-17 00:00:00+09:00,1360.T,BUY,498,301.20001220703125,N/A
momentum,2025-01-20 00:00:00+09:00,1360.T,BUY,509,294.20001220703125,N/A
momentum,2025-01-23 00:00:00+09:00,1360.T,SELL,538,278.70001220703125,N/A
momentum,2025-01-24 00:00:00+09:00,1579.T,BUY,495,303.0,N/A
momentum,2025-01-24 00:00:00+09:00,1360.T,SELL,538,278.70001220703125,N/A
momentum,2025-01-27 00:00:00+09:00,1579.T,BUY,505,296.6000061035156,N/A
momentum,2025-02-03 00:00:00+09:00,1579.T,SELL,535,280.20001220703125,N/A
momentum,2025-02-03 00:00:00+09:00,1579.T,SELL,356,280.20001220703125,N/A
momentum,2025-02-05 00:00:00+09:00,1360.T,BUY,509,294.20001220703125,N/A
momentum,2025-02-06 00:00:00+09:00,1360.T,BUY,516,290.20001220703125,N/A
momentum,2025-02-17 00:00:00+09:00,1360.T,SELL,519,288.8999938964844,N/A
momentum,2025-02-18 00:00:00+09:00,1360.T,SELL,523,286.3999938964844,N/A
momentum,2025-02-20 00:00:00+09:00,1360.T,BUY,506,296.20001220703125,N/A
momentum,2025-02-21 00:00:00+09:00,1360.T,BUY,509,294.20001220703125,N/A
momentum,2025-02-28 00:00:00+09:00,1579.T,SELL,383,261.0,N/A
momentum,2025-04-03 00:00:00+09:00,1360.T,BUY,281,355.20001220703125,N/A
momentum,2025-04-25 00:00:00+09:00,1360.T,SELL,481,311.79998779296875,N/A
momentum,2025-04-28 00:00:00+09:00,1360.T,SELL,483,310.20001220703125,N/A
momentum,2025-05-07 00:00:00+09:00,1579.T,BUY,595,251.8000030517578,N/A
momentum,2025-05-08 00:00:00+09:00,1579.T,BUY,586,255.60000610351562,N/A
pairs_trading,2023-05-15 00:00:00+09:00,1360.T,BUY,141,708.7000122070312,N/A
pairs_trading,2023-05-16 00:00:00+09:00,1360.T,BUY,143,697.9000244140625,N/A
pairs_trading,2023-05-17 00:00:00+09:00,1360.T,BUY,145,686.7000122070312,N/A
pairs_trading,2023-05-18 00:00:00+09:00,1360.T,BUY,150,663.4000244140625,N/A
pairs_trading,2023-05-19 00:00:00+09:00,1360.T,BUY,152,654.0,N/A
pairs_trading,2023-05-22 00:00:00+09:00,1360.T,BUY,155,642.2000122070312,N/A
pairs_trading,2023-06-05 00:00:00+09:00,1360.T,BUY,167,595.7999877929688,N/A
pairs_trading,2023-06-06 00:00:00+09:00,1360.T,BUY,171,583.9000244140625,N/A
pairs_trading,2023-06-13 00:00:00+09:00,1360.T,BUY,177,563.5999755859375,N/A
pairs_trading,2023-06-14 00:00:00+09:00,1360.T,BUY,182,547.7000122070312,N/A
pairs_trading,2023-10-03 00:00:00+09:00,1360.T,SELL,165,604.5999755859375,N/A
pairs_trading,2023-10-04 00:00:00+09:00,1579.T,BUY,5,18925.0,N/A
pairs_trading,2023-10-04 00:00:00+09:00,1360.T,SELL,158,631.4000244140625,N/A
pairs_trading,2023-11-06 00:00:00+09:00,1579.T,SELL,4,21555.0,N/A
pairs_trading,2023-11-06 00:00:00+09:00,1360.T,BUY,184,542.0,N/A
pairs_trading,2023-12-08 00:00:00+09:00,1579.T,BUY,4,20980.0,N/A
pairs_trading,2023-12-08 00:00:00+09:00,1360.T,SELL,181,551.7999877929688,N/A
pairs_trading,2024-01-10 00:00:00+09:00,1579.T,SELL,4,23925.0,N/A
pairs_trading,2024-01-10 00:00:00+09:00,1360.T,BUY,208,479.0,N/A
pairs_trading,2024-01-11 00:00:00+09:00,1360.T,BUY,216,461.6000061035156,N/A
pairs_trading,2024-04-16 00:00:00+09:00,1360.T,SELL,271,367.70001220703125,N/A
pairs_trading,2024-04-17 00:00:00+09:00,1579.T,BUY,3,29100.0,N/A
pairs_trading,2024-04-17 00:00:00+09:00,1360.T,SELL,265,376.6000061035156,N/A
pairs_trading,2024-04-19 00:00:00+09:00,1579.T,BUY,3,27705.0,N/A
pairs_trading,2024-04-19 00:00:00+09:00,1360.T,SELL,253,394.29998779296875,N/A
pairs_trading,2024-06-17 00:00:00+09:00,1579.T,BUY,3,28990.0,N/A
pairs_trading,2024-06-17 00:00:00+09:00,1360.T,SELL,270,369.8999938964844,N/A
pairs_trading,2024-06-26 00:00:00+09:00,1579.T,SELL,3,31450.0,N/A
pairs_trading,2024-06-26 00:00:00+09:00,1360.T,BUY,294,339.79998779296875,N/A
pairs_trading,2024-08-02 00:00:00+09:00,1579.T,BUY,391,255.3000030517578,N/A
pairs_trading,2024-08-02 00:00:00+09:00,1360.T,SELL,247,404.0,N/A
pairs_trading,2024-08-05 00:00:00+09:00,1579.T,BUY,538,185.60000610351562,N/A
pairs_trading,2024-08-05 00:00:00+09:00,1360.T,SELL,206,484.0,N/A
pairs_trading,2024-09-27 00:00:00+09:00,1579.T,SELL,328,304.1000061035156,N/A
pairs_trading,2024-09-27 00:00:00+09:00,1360.T,BUY,342,292.0,N/A
pairs_trading,2024-12-12 00:00:00+09:00,1579.T,SELL,330,302.70001220703125,N/A
pairs_trading,2024-12-12 00:00:00+09:00,1360.T,BUY,354,282.0,N/A
pairs_trading,2024-12-27 00:00:00+09:00,1360.T,BUY,363,274.8999938964844,N/A
pairs_trading,2025-02-25 00:00:00+09:00,1360.T,SELL,330,302.29998779296875,N/A
pairs_trading,2025-02-26 00:00:00+09:00,1579.T,BUY,363,274.8999938964844,N/A
pairs_trading,2025-02-26 00:00:00+09:00,1360.T,SELL,328,304.20001220703125,N/A
pairs_trading,2025-02-28 00:00:00+09:00,1579.T,BUY,383,261.0,N/A
pairs_trading,2025-02-28 00:00:00+09:00,1360.T,SELL,313,319.20001220703125,N/A
pairs_trading,2025-03-04 00:00:00+09:00,1579.T,BUY,380,262.5,N/A
pairs_trading,2025-03-04 00:00:00+09:00,1360.T,SELL,315,316.6000061035156,N/A
pairs_trading,2025-03-31 00:00:00+09:00,1579.T,BUY,411,242.8000030517578,N/A
pairs_trading,2025-04-07 00:00:00+09:00,1360.T,SELL,230,433.0,N/A
pairs_trading,2025-06-18 00:00:00+09:00,1579.T,SELL,357,280.0,N/A
pairs_trading,2025-06-18 00:00:00+09:00,1360.T,BUY,381,262.1000061035156,N/A
pairs_trading,2025-06-26 00:00:00+09:00,1579.T,SELL,344,290.0,N/A
pairs_trading,2025-06-26 00:00:00+09:00,1360.T,BUY,396,252.5,N/A
pairs_trading,2025-06-27 00:00:00+09:00,1579.T,SELL,334,298.70001220703125,N/A
pairs_trading,2025-06-27 00:00:00+09:00,1360.T,BUY,408,244.89999389648438,N/A
pairs_trading,2025-06-30 00:00:00+09:00,1579.T,SELL,328,304.0,N/A
pairs_trading,2025-06-30 00:00:00+09:00,1360.T,BUY,414,241.0,N/A
pairs_trading,2025-07-23 00:00:00+09:00,1579.T,SELL,317,314.79998779296875,N/A
pairs_trading,2025-07-23 00:00:00+09:00,1360.T,BUY,433,230.6999969482422,N/A
pairs_trading,2025-07-24 00:00:00+09:00,1360.T,BUY,446,223.8000030517578,N/A
trend_following,2023-03-23 00:00:00+09:00,1360.T,BUY,235,848.0999755859375,N/A
trend_following,2023-04-04 00:00:00+09:00,1579.T,BUY,12,16230.0,N/A
trend_following,2023-07-13 00:00:00+09:00,1579.T,SELL,9,21200.0,N/A
trend_following,2023-07-14 00:00:00+09:00,1360.T,BUY,345,579.7000122070312,N/A
trend_following,2023-08-01 00:00:00+09:00,1360.T,SELL,369,541.7000122070312,N/A
trend_following,2023-08-09 00:00:00+09:00,1360.T,BUY,342,583.4000244140625,N/A
trend_following,2023-09-04 00:00:00+09:00,1360.T,SELL,360,555.0,N/A
trend_following,2023-09-05 00:00:00+09:00,1579.T,BUY,9,21855.0,N/A
trend_following,2023-10-02 00:00:00+09:00,1579.T,SELL,9,20520.0,N/A
trend_following,2023-10-03 00:00:00+09:00,1360.T,BUY,330,604.5999755859375,N/A
trend_following,2023-11-08 00:00:00+09:00,1360.T,SELL,357,559.7000122070312,N/A
trend_following,2023-11-09 00:00:00+09:00,1579.T,BUY,9,21545.0,N/A
trend_following,2023-12-14 00:00:00+09:00,1579.T,SELL,9,21460.0,N/A
trend_following,2023-12-15 00:00:00+09:00,1360.T,BUY,379,527.5,N/A
trend_following,2023-12-27 00:00:00+09:00,1360.T,SELL,396,504.20001220703125,N/A
trend_following,2023-12-28 00:00:00+09:00,1579.T,BUY,8,22660.0,N/A
trend_following,2024-04-12 00:00:00+09:00,1579.T,SELL,6,31570.0,N/A
trend_following,2024-04-16 00:00:00+09:00,1360.T,BUY,543,367.70001220703125,N/A
trend_following,2024-05-20 00:00:00+09:00,1360.T,SELL,567,352.3999938964844,N/A
trend_following,2024-05-22 00:00:00+09:00,1579.T,BUY,6,29950.0,N/A
trend_following,2024-06-20 00:00:00+09:00,1579.T,SELL,6,29810.0,N/A
trend_following,2024-06-24 00:00:00+09:00,1360.T,BUY,561,356.3999938964844,N/A
trend_following,2024-06-26 00:00:00+09:00,1360.T,SELL,588,339.79998779296875,N/A
trend_following,2024-07-29 00:00:00+09:00,1360.T,BUY,562,355.70001220703125,N/A
trend_following,2024-08-22 00:00:00+09:00,1360.T,SELL,611,327.0,N/A
trend_following,2024-08-29 00:00:00+09:00,1579.T,BUY,711,281.20001220703125,N/A
trend_following,2024-09-18 00:00:00+09:00,1360.T,BUY,561,356.29998779296875,N/A
trend_following,2024-10-01 00:00:00+09:00,1579.T,BUY,697,286.79998779296875,N/A
trend_following,2024-11-01 00:00:00+09:00,1579.T,SELL,726,275.3999938964844,N/A
trend_following,2024-11-05 00:00:00+09:00,1360.T,BUY,657,304.0,N/A
trend_following,2024-11-07 00:00:00+09:00,1360.T,SELL,688,290.6000061035156,N/A
trend_following,2024-11-11 00:00:00+09:00,1579.T,BUY,671,297.70001220703125,N/A
trend_following,2024-11-15 00:00:00+09:00,1579.T,SELL,701,285.0,N/A
trend_following,2024-11-18 00:00:00+09:00,1579.T,BUY,717,278.6000061035156,N/A
trend_following,2024-11-20 00:00:00+09:00,1579.T,SELL,714,280.1000061035156,N/A
trend_following,2024-11-21 00:00:00+09:00,1360.T,BUY,642,311.3999938964844,N/A
trend_following,2024-12-05 00:00:00+09:00,1360.T,SELL,690,289.5,N/A
trend_following,2024-12-10 00:00:00+09:00,1579.T,BUY,678,294.79998779296875,N/A
trend_following,2025-01-17 00:00:00+09:00,1579.T,SELL,713,280.5,N/A
trend_following,2025-01-20 00:00:00+09:00,1360.T,BUY,679,294.20001220703125,N/A
trend_following,2025-01-30 00:00:00+09:00,1360.T,SELL,702,284.70001220703125,N/A
trend_following,2025-02-07 00:00:00+09:00,1360.T,BUY,680,294.1000061035156,N/A
trend_following,2025-04-25 00:00:00+09:00,1360.T,SELL,641,311.79998779296875,N/A
trend_following,2025-05-02 00:00:00+09:00,1579.T,BUY,791,252.60000610351562,N/A
volatility_breakout,2023-01-25 00:00:00+09:00,1579.T,BUY,10,14980.0,N/A
volatility_breakout,2023-01-27 00:00:00+09:00,1579.T,BUY,10,14990.0,N/A
volatility_breakout,2023-01-30 00:00:00+09:00,1579.T,BUY,9,15015.0,N/A
volatility_breakout,2023-01-31 00:00:00+09:00,1579.T,BUY,10,14915.0,N/A
volatility_breakout,2023-02-01 00:00:00+09:00,1579.T,BUY,10,14950.0,N/A
volatility_breakout,2023-02-02 00:00:00+09:00,1579.T,BUY,9,15020.0,N/A
volatility_breakout,2023-07-12 00:00:00+09:00,1579.T,SELL,7,20545.0,N/A
volatility_breakout,2023-07-12 00:00:00+09:00,1360.T,BUY,250,598.0,N/A
volatility_breakout,2023-08-18 00:00:00+09:00,1579.T,SELL,7,19870.0,N/A
volatility_breakout,2023-08-18 00:00:00+09:00,1360.T,BUY,245,610.2000122070312,N/A
volatility_breakout,2023-09-04 00:00:00+09:00,1360.T,SELL,270,555.0,N/A
volatility_breakout,2023-09-05 00:00:00+09:00,1579.T,BUY,6,21855.0,N/A
volatility_breakout,2023-09-06 00:00:00+09:00,1579.T,BUY,6,22185.0,N/A
volatility_breakout,2023-10-03 00:00:00+09:00,1579.T,SELL,7,19765.0,N/A
volatility_breakout,2023-10-04 00:00:00+09:00,1579.T,SELL,7,18925.0,N/A
volatility_breakout,2023-10-04 00:00:00+09:00,1360.T,BUY,237,631.4000244140625,N/A
volatility_breakout,2023-10-05 00:00:00+09:00,1579.T,SELL,7,19580.0,N/A
volatility_breakout,2023-10-05 00:00:00+09:00,1360.T,BUY,246,609.0,N/A
volatility_breakout,2023-10-06 00:00:00+09:00,1579.T,SELL,7,19515.0,N/A
volatility_breakout,2023-10-06 00:00:00+09:00,1360.T,BUY,245,610.5,N/A
volatility_breakout,2023-11-06 00:00:00+09:00,1360.T,SELL,276,542.0,N/A
volatility_breakout,2023-11-09 00:00:00+09:00,1360.T,SELL,276,542.0,N/A
volatility_breakout,2023-11-14 00:00:00+09:00,1360.T,SELL,277,540.2999877929688,N/A
volatility_breakout,2023-11-15 00:00:00+09:00,1579.T,BUY,6,22640.0,N/A
volatility_breakout,2023-11-16 00:00:00+09:00,1579.T,BUY,6,22480.0,N/A
volatility_breakout,2023-11-17 00:00:00+09:00,1579.T,BUY,6,22710.0,N/A
volatility_breakout,2023-11-20 00:00:00+09:00,1579.T,BUY,6,22430.0,N/A
volatility_breakout,2023-12-08 00:00:00+09:00,1579.T,SELL,7,20980.0,N/A
volatility_breakout,2023-12-08 00:00:00+09:00,1360.T,BUY,271,551.7999877929688,N/A
volatility_breakout,2024-01-10 00:00:00+09:00,1360.T,SELL,313,479.0,N/A
volatility_breakout,2024-01-11 00:00:00+09:00,1579.T,BUY,6,24795.0,N/A
volatility_breakout,2024-04-16 00:00:00+09:00,1579.T,SELL,5,29880.0,N/A
volatility_breakout,2024-04-16 00:00:00+09:00,1360.T,BUY,407,367.70001220703125,N/A
volatility_breakout,2024-04-17 00:00:00+09:00,1579.T,SELL,5,29100.0,N/A
volatility_breakout,2024-04-18 00:00:00+09:00,1579.T,SELL,5,29255.0,N/A
volatility_breakout,2024-04-18 00:00:00+09:00,1360.T,BUY,400,375.0,N/A
volatility_breakout,2024-04-19 00:00:00+09:00,1579.T,SELL,5,27705.0,N/A
volatility_breakout,2024-04-19 00:00:00+09:00,1360.T,BUY,380,394.29998779296875,N/A
volatility_breakout,2024-04-22 00:00:00+09:00,1579.T,SELL,5,28305.0,N/A
volatility_breakout,2024-04-22 00:00:00+09:00,1360.T,BUY,389,385.29998779296875,N/A
volatility_breakout,2024-04-23 00:00:00+09:00,1579.T,SELL,5,28365.0,N/A
volatility_breakout,2024-04-23 00:00:00+09:00,1360.T,BUY,390,384.29998779296875,N/A
volatility_breakout,2024-04-25 00:00:00+09:00,1579.T,SELL,5,28505.0,N/A
volatility_breakout,2024-06-26 00:00:00+09:00,1579.T,BUY,4,31450.0,N/A
volatility_breakout,2024-06-26 00:00:00+09:00,1360.T,SELL,441,339.79998779296875,N/A
volatility_breakout,2024-07-02 00:00:00+09:00,1360.T,SELL,450,333.0,N/A
volatility_breakout,2024-07-03 00:00:00+09:00,1360.T,SELL,462,324.1000061035156,N/A
volatility_breakout,2024-07-04 00:00:00+09:00,1360.T,SELL,470,318.79998779296875,N/A
volatility_breakout,2024-07-24 00:00:00+09:00,1360.T,BUY,432,346.79998779296875,N/A
volatility_breakout,2024-07-25 00:00:00+09:00,1360.T,BUY,406,368.8999938964844,N/A
volatility_breakout,2024-07-26 00:00:00+09:00,1360.T,BUY,402,372.79998779296875,N/A
volatility_breakout,2024-07-29 00:00:00+09:00,1360.T,BUY,421,355.70001220703125,N/A
volatility_breakout,2024-08-27 00:00:00+09:00,1360.T,SELL,461,324.79998779296875,N/A
volatility_breakout,2024-08-28 00:00:00+09:00,1360.T,SELL,463,323.6000061035156,N/A
volatility_breakout,2024-08-29 00:00:00+09:00,1579.T,BUY,533,281.20001220703125,N/A
volatility_breakout,2024-08-29 00:00:00+09:00,1360.T,SELL,463,323.3999938964844,N/A
volatility_breakout,2024-08-30 00:00:00+09:00,1579.T,BUY,526,285.0,N/A
volatility_breakout,2024-08-30 00:00:00+09:00,1360.T,SELL,470,319.0,N/A
volatility_breakout,2024-09-02 00:00:00+09:00,1579.T,BUY,524,285.79998779296875,N/A
volatility_breakout,2024-09-03 00:00:00+09:00,1579.T,BUY,523,286.79998779296875,N/A
volatility_breakout,2024-09-09 00:00:00+09:00,1579.T,SELL,600,250.0,N/A
volatility_breakout,2024-09-09 00:00:00+09:00,1360.T,BUY,416,360.5,N/A
volatility_breakout,2024-09-10 00:00:00+09:00,1579.T,SELL,601,249.1999969482422,N/A
volatility_breakout,2024-09-10 00:00:00+09:00,1360.T,BUY,414,361.79998779296875,N/A
volatility_breakout,2024-09-11 00:00:00+09:00,1579.T,SELL,620,241.8000030517578,N/A
volatility_breakout,2024-09-11 00:00:00+09:00,1360.T,BUY,402,372.3999938964844,N/A
volatility_breakout,2024-09-27 00:00:00+09:00,1360.T,SELL,513,292.0,N/A
volatility_breakout,2024-10-04 00:00:00+09:00,1360.T,SELL,490,306.0,N/A
volatility_breakout,2024-10-07 00:00:00+09:00,1579.T,BUY,505,296.70001220703125,N/A
volatility_breakout,2024-10-15 00:00:00+09:00,1579.T,BUY,490,305.8999938964844,N/A
volatility_breakout,2025-02-26 00:00:00+09:00,1579.T,SELL,545,274.8999938964844,N/A
volatility_breakout,2025-02-26 00:00:00+09:00,1360.T,BUY,493,304.20001220703125,N/A
volatility_breakout,2025-02-28 00:00:00+09:00,1579.T,SELL,574,261.0,N/A
volatility_breakout,2025-02-28 00:00:00+09:00,1360.T,BUY,469,319.20001220703125,N/A
volatility_breakout,2025-04-28 00:00:00+09:00,1360.T,SELL,483,310.20001220703125,N/A
volatility_breakout,2025-04-30 00:00:00+09:00,1579.T,BUY,619,242.0,N/A
volatility_breakout,2025-04-30 00:00:00+09:00,1360.T,SELL,489,306.29998779296875,N/A
volatility_breakout,2025-05-01 00:00:00+09:00,1579.T,BUY,607,247.10000610351562,N/A
combined,2023-03-16 00:00:00+09:00,1360.T,BUY,113,878.5,N/A
combined,2023-03-20 00:00:00+09:00,1360.T,BUY,170,878.7000122070312,N/A
combined,2023-03-22 00:00:00+09:00,1360.T,BUY,177,846.5,N/A
combined,2023-03-23 00:00:00+09:00,1360.T,BUY,235,848.0999755859375,N/A
combined,2023-03-24 00:00:00+09:00,1360.T,BUY,176,851.5999755859375,N/A
combined,2023-03-27 00:00:00+09:00,1360.T,BUY,177,844.0999755859375,N/A
combined,2023-03-29 00:00:00+09:00,1360.T,SELL,182,822.5,N/A
combined,2023-03-30 00:00:00+09:00,1579.T,BUY,9,15625.0,N/A
combined,2023-03-30 00:00:00+09:00,1360.T,SELL,184,811.7999877929688,N/A
combined,2023-03-31 00:00:00+09:00,1579.T,BUY,9,15960.0,N/A
combined,2023-03-31 00:00:00+09:00,1360.T,SELL,188,794.7000122070312,N/A
combined,2023-04-03 00:00:00+09:00,1579.T,BUY,9,16120.0,N/A
combined,2023-04-03 00:00:00+09:00,1360.T,SELL,254,786.2000122070312,N/A
combined,2023-04-04 00:00:00+09:00,1579.T,SELL,6,16230.0,N/A
combined,2023-04-04 00:00:00+09:00,1360.T,BUY,127,781.5,N/A
combined,2023-04-04 00:00:00+09:00,1579.T,BUY,12,16230.0,N/A
combined,2023-04-04 00:00:00+09:00,1360.T,SELL,191,781.5,N/A
combined,2023-04-05 00:00:00+09:00,1579.T,BUY,9,15695.0,N/A
combined,2023-04-13 00:00:00+09:00,1360.T,BUY,126,788.0999755859375,N/A
combined,2023-04-13 00:00:00+09:00,1360.T,SELL,190,788.0999755859375,N/A
combined,2023-04-14 00:00:00+09:00,1579.T,SELL,6,16430.0,N/A
combined,2023-04-14 00:00:00+09:00,1360.T,BUY,130,769.0,N/A
combined,2023-04-14 00:00:00+09:00,1579.T,BUY,9,16430.0,N/A
combined,2023-04-14 00:00:00+09:00,1360.T,SELL,195,769.0,N/A
combined,2023-04-17 00:00:00+09:00,1579.T,SELL,6,16500.0,N/A
combined,2023-04-17 00:00:00+09:00,1360.T,BUY,130,766.5,N/A
combined,2023-04-17 00:00:00+09:00,1579.T,BUY,9,16500.0,N/A
combined,2023-04-25 00:00:00+09:00,1579.T,SELL,6,16620.0,N/A
combined,2023-04-25 00:00:00+09:00,1360.T,BUY,131,760.0999755859375,N/A
combined,2023-04-25 00:00:00+09:00,1360.T,SELL,197,760.0999755859375,N/A
combined,2023-04-26 00:00:00+09:00,1579.T,SELL,6,16370.0,N/A
combined,2023-04-26 00:00:00+09:00,1360.T,BUY,129,771.0,N/A
combined,2023-04-26 00:00:00+09:00,1579.T,BUY,9,16370.0,N/A
combined,2023-04-26 00:00:00+09:00,1360.T,SELL,194,771.0,N/A
combined,2023-04-27 00:00:00+09:00,1579.T,SELL,6,16395.0,N/A
combined,2023-04-27 00:00:00+09:00,1360.T,BUY,129,769.9000244140625,N/A
combined,2023-04-27 00:00:00+09:00,1579.T,BUY,9,16395.0,N/A
combined,2023-04-28 00:00:00+09:00,1579.T,SELL,5,16870.0,N/A
combined,2023-04-28 00:00:00+09:00,1360.T,BUY,133,747.5,N/A
combined,2023-04-28 00:00:00+09:00,1360.T,SELL,200,747.5,N/A
combined,2023-05-01 00:00:00+09:00,1579.T,SELL,5,17200.0,N/A
combined,2023-05-01 00:00:00+09:00,1360.T,BUY,136,733.2000122070312,N/A
combined,2023-05-01 00:00:00+09:00,1579.T,BUY,8,17200.0,N/A
combined,2023-05-01 00:00:00+09:00,1360.T,SELL,204,733.2000122070312,N/A
combined,2023-05-02 00:00:00+09:00,1579.T,SELL,5,17200.0,N/A
combined,2023-05-02 00:00:00+09:00,1360.T,BUY,136,732.7000122070312,N/A
combined,2023-05-02 00:00:00+09:00,1579.T,BUY,8,17200.0,N/A
combined,2023-05-08 00:00:00+09:00,1579.T,SELL,5,16980.0,N/A
combined,2023-05-08 00:00:00+09:00,1360.T,BUY,134,742.0999755859375,N/A
combined,2023-05-08 00:00:00+09:00,1360.T,SELL,202,742.0999755859375,N/A
combined,2023-05-09 00:00:00+09:00,1579.T,SELL,5,17305.0,N/A
combined,2023-05-09 00:00:00+09:00,1360.T,BUY,137,727.5999755859375,N/A
combined,2023-05-09 00:00:00+09:00,1579.T,BUY,8,17305.0,N/A
combined,2023-05-09 00:00:00+09:00,1360.T,SELL,206,727.5999755859375,N/A
combined,2023-05-10 00:00:00+09:00,1579.T,BUY,8,17195.0,N/A
combined,2023-05-12 00:00:00+09:00,1579.T,SELL,5,17505.0,N/A
combined,2023-05-12 00:00:00+09:00,1360.T,BUY,139,719.2999877929688,N/A
combined,2023-05-15 00:00:00+09:00,1579.T,SELL,5,17760.0,N/A
combined,2023-05-16 00:00:00+09:00,1579.T,SELL,5,18035.0,N/A
combined,2023-05-16 00:00:00+09:00,1360.T,BUY,143,697.9000244140625,N/A
combined,2023-05-16 00:00:00+09:00,1360.T,SELL,214,697.9000244140625,N/A
combined,2023-05-17 00:00:00+09:00,1579.T,SELL,5,18320.0,N/A
combined,2023-05-17 00:00:00+09:00,1360.T,BUY,145,686.7000122070312,N/A
combined,2023-05-17 00:00:00+09:00,1579.T,BUY,8,18320.0,N/A
combined,2023-05-17 00:00:00+09:00,1360.T,SELL,218,686.7000122070312,N/A
combined,2023-05-18 00:00:00+09:00,1579.T,SELL,5,18920.0,N/A
combined,2023-05-18 00:00:00+09:00,1360.T,BUY,150,663.4000244140625,N/A
combined,2023-05-18 00:00:00+09:00,1579.T,BUY,7,18920.0,N/A
combined,2023-05-19 00:00:00+09:00,1579.T,SELL,5,19215.0,N/A
combined,2023-05-19 00:00:00+09:00,1360.T,BUY,152,654.0,N/A
combined,2023-05-19 00:00:00+09:00,1360.T,SELL,229,654.0,N/A
combined,2023-05-22 00:00:00+09:00,1579.T,SELL,5,19535.0,N/A
combined,2023-05-22 00:00:00+09:00,1360.T,BUY,155,642.2000122070312,N/A
combined,2023-05-22 00:00:00+09:00,1579.T,BUY,7,19535.0,N/A
combined,2023-05-22 00:00:00+09:00,1360.T,SELL,233,642.2000122070312,N/A
combined,2023-05-23 00:00:00+09:00,1579.T,SELL,5,19395.0,N/A
combined,2023-05-23 00:00:00+09:00,1360.T,BUY,154,647.7000122070312,N/A
combined,2023-05-23 00:00:00+09:00,1579.T,BUY,7,19395.0,N/A
combined,2023-05-24 00:00:00+09:00,1579.T,SELL,5,19045.0,N/A
combined,2023-05-24 00:00:00+09:00,1360.T,BUY,151,658.7999877929688,N/A
combined,2023-05-24 00:00:00+09:00,1360.T,SELL,227,658.7999877929688,N/A
combined,2023-05-25 00:00:00+09:00,1579.T,SELL,5,19175.0,N/A
combined,2023-05-25 00:00:00+09:00,1360.T,BUY,152,654.2000122070312,N/A
combined,2023-05-25 00:00:00+09:00,1579.T,BUY,7,19175.0,N/A
combined,2023-05-25 00:00:00+09:00,1360.T,SELL,229,654.2000122070312,N/A
combined,2023-05-26 00:00:00+09:00,1579.T,SELL,5,19360.0,N/A
combined,2023-05-26 00:00:00+09:00,1360.T,BUY,154,647.7000122070312,N/A
combined,2023-05-26 00:00:00+09:00,1579.T,BUY,7,19360.0,N/A
combined,2023-05-29 00:00:00+09:00,1579.T,SELL,5,19750.0,N/A
combined,2023-05-29 00:00:00+09:00,1360.T,BUY,157,634.9000244140625,N/A
combined,2023-05-29 00:00:00+09:00,1360.T,SELL,236,634.9000244140625,N/A
combined,2023-05-30 00:00:00+09:00,1579.T,SELL,5,19820.0,N/A
combined,2023-05-30 00:00:00+09:00,1360.T,BUY,158,631.7999877929688,N/A
combined,2023-05-30 00:00:00+09:00,1579.T,BUY,7,19820.0,N/A
combined,2023-05-30 00:00:00+09:00,1360.T,SELL,237,631.7999877929688,N/A
combined,2023-05-31 00:00:00+09:00,1579.T,SELL,5,19280.0,N/A
combined,2023-05-31 00:00:00+09:00,1360.T,BUY,154,649.2999877929688,N/A
combined,2023-05-31 00:00:00+09:00,1579.T,BUY,7,19280.0,N/A
combined,2023-06-01 00:00:00+09:00,1579.T,SELL,5,19580.0,N/A
combined,2023-06-01 00:00:00+09:00,1360.T,BUY,156,638.5999755859375,N/A
combined,2023-06-01 00:00:00+09:00,1579.T,BUY,7,19580.0,N/A
combined,2023-06-01 00:00:00+09:00,1360.T,SELL,234,638.5999755859375,N/A
combined,2023-06-02 00:00:00+09:00,1579.T,SELL,4,20080.0,N/A
combined,2023-06-02 00:00:00+09:00,1360.T,BUY,160,622.2000122070312,N/A
combined,2023-06-02 00:00:00+09:00,1360.T,SELL,241,622.2000122070312,N/A
combined,2023-06-05 00:00:00+09:00,1579.T,SELL,4,20955.0,N/A
combined,2023-06-05 00:00:00+09:00,1360.T,BUY,167,595.7999877929688,N/A
combined,2023-06-05 00:00:00+09:00,1579.T,BUY,7,20955.0,N/A
combined,2023-06-06 00:00:00+09:00,1579.T,SELL,4,21350.0,N/A
combined,2023-06-06 00:00:00+09:00,1360.T,BUY,171,583.9000244140625,N/A
combined,2023-06-06 00:00:00+09:00,1360.T,SELL,256,583.9000244140625,N/A
combined,2023-06-07 00:00:00+09:00,1579.T,BUY,7,20575.0,N/A
combined,2023-06-13 00:00:00+09:00,1579.T,SELL,4,22005.0,N/A
combined,2023-06-13 00:00:00+09:00,1360.T,BUY,177,563.5999755859375,N/A
combined,2023-06-13 00:00:00+09:00,1360.T,SELL,266,563.5999755859375,N/A
combined,2023-06-14 00:00:00+09:00,1579.T,SELL,4,22635.0,N/A
combined,2023-06-14 00:00:00+09:00,1360.T,BUY,182,547.7000122070312,N/A
combined,2023-06-14 00:00:00+09:00,1579.T,BUY,6,22635.0,N/A
combined,2023-06-15 00:00:00+09:00,1579.T,SELL,4,22590.0,N/A
combined,2023-06-15 00:00:00+09:00,1360.T,BUY,182,548.2999877929688,N/A
combined,2023-06-15 00:00:00+09:00,1360.T,SELL,273,548.2999877929688,N/A
combined,2023-06-16 00:00:00+09:00,1579.T,SELL,4,22950.0,N/A
combined,2023-06-16 00:00:00+09:00,1360.T,BUY,185,540.0,N/A
combined,2023-06-16 00:00:00+09:00,1579.T,BUY,6,22950.0,N/A
combined,2023-06-16 00:00:00+09:00,1360.T,SELL,277,540.0,N/A
combined,2023-06-19 00:00:00+09:00,1579.T,BUY,6,22465.0,N/A
combined,2023-06-20 00:00:00+09:00,1579.T,SELL,4,22440.0,N/A
combined,2023-06-20 00:00:00+09:00,1360.T,BUY,181,552.2000122070312,N/A
combined,2023-06-21 00:00:00+09:00,1579.T,SELL,4,22730.0,N/A
combined,2023-06-21 00:00:00+09:00,1360.T,BUY,183,544.5999755859375,N/A
combined,2023-06-21 00:00:00+09:00,1360.T,SELL,275,544.5999755859375,N/A
combined,2023-06-22 00:00:00+09:00,1579.T,BUY,6,22310.0,N/A
combined,2023-07-10 00:00:00+09:00,1579.T,BUY,4,20945.0,N/A
combined,2023-07-13 00:00:00+09:00,1579.T,SELL,9,21200.0,N/A
combined,2023-07-14 00:00:00+09:00,1360.T,BUY,345,579.7000122070312,N/A
combined,2023-07-31 00:00:00+09:00,1360.T,SELL,272,550.7000122070312,N/A
combined,2023-08-01 00:00:00+09:00,1360.T,BUY,184,541.7000122070312,N/A
combined,2023-08-02 00:00:00+09:00,1360.T,SELL,264,566.5,N/A
combined,2023-08-07 00:00:00+09:00,1579.T,SELL,7,20935.0,N/A
combined,2023-08-08 00:00:00+09:00,1579.T,SELL,7,21040.0,N/A
combined,2023-08-09 00:00:00+09:00,1579.T,SELL,7,20845.0,N/A
combined,2023-08-09 00:00:00+09:00,1360.T,BUY,342,583.4000244140625,N/A
combined,2023-08-10 00:00:00+09:00,1579.T,SELL,7,21220.0,N/A
combined,2023-08-14 00:00:00+09:00,1579.T,SELL,7,20660.0,N/A
combined,2023-08-14 00:00:00+09:00,1360.T,BUY,255,587.5,N/A
combined,2023-08-15 00:00:00+09:00,1360.T,BUY,257,581.5999755859375,N/A
combined,2023-08-16 00:00:00+09:00,1360.T,BUY,250,598.0,N/A
combined,2023-08-17 00:00:00+09:00,1360.T,BUY,247,605.0,N/A
combined,2023-08-18 00:00:00+09:00,1360.T,BUY,245,610.2000122070312,N/A
combined,2023-08-21 00:00:00+09:00,1360.T,SELL,164,606.7999877929688,N/A
combined,2023-08-22 00:00:00+09:00,1579.T,BUY,4,20400.0,N/A
combined,2023-08-22 00:00:00+09:00,1360.T,SELL,168,594.5,N/A
combined,2023-08-22 00:00:00+09:00,1579.T,SELL,7,20400.0,N/A
combined,2023-08-22 00:00:00+09:00,1360.T,BUY,252,594.5,N/A
combined,2023-09-01 00:00:00+09:00,1360.T,SELL,267,561.4000244140625,N/A
combined,2023-09-04 00:00:00+09:00,1579.T,BUY,6,21750.0,N/A
combined,2023-09-04 00:00:00+09:00,1360.T,SELL,360,555.0,N/A
combined,2023-09-04 00:00:00+09:00,1579.T,SELL,4,21750.0,N/A
combined,2023-09-04 00:00:00+09:00,1360.T,BUY,180,555.0,N/A
combined,2023-09-05 00:00:00+09:00,1579.T,BUY,9,21855.0,N/A
combined,2023-09-05 00:00:00+09:00,1360.T,SELL,271,552.0999755859375,N/A
combined,2023-09-06 00:00:00+09:00,1579.T,SELL,4,22185.0,N/A
combined,2023-09-06 00:00:00+09:00,1360.T,BUY,183,543.9000244140625,N/A
combined,2023-09-06 00:00:00+09:00,1579.T,BUY,6,22185.0,N/A
combined,2023-09-06 00:00:00+09:00,1360.T,SELL,275,543.9000244140625,N/A
combined,2023-09-07 00:00:00+09:00,1579.T,SELL,4,21845.0,N/A
combined,2023-09-07 00:00:00+09:00,1360.T,BUY,181,551.2999877929688,N/A
combined,2023-09-07 00:00:00+09:00,1579.T,BUY,6,21845.0,N/A
combined,2023-09-07 00:00:00+09:00,1360.T,SELL,272,551.2999877929688,N/A
combined,2023-09-08 00:00:00+09:00,1579.T,BUY,7,21335.0,N/A
combined,2023-09-08 00:00:00+09:00,1360.T,SELL,265,565.0,N/A
combined,2023-09-11 00:00:00+09:00,1579.T,BUY,7,21165.0,N/A
combined,2023-09-11 00:00:00+09:00,1360.T,SELL,263,569.2000122070312,N/A
combined,2023-09-12 00:00:00+09:00,1579.T,BUY,6,21560.0,N/A
combined,2023-09-13 00:00:00+09:00,1579.T,BUY,6,21455.0,N/A
combined,2023-09-14 00:00:00+09:00,1579.T,SELL,4,22105.0,N/A
combined,2023-09-14 00:00:00+09:00,1360.T,BUY,183,543.5999755859375,N/A
combined,2023-09-14 00:00:00+09:00,1360.T,SELL,275,543.5999755859375,N/A
combined,2023-09-15 00:00:00+09:00,1579.T,SELL,4,22595.0,N/A
combined,2023-09-15 00:00:00+09:00,1360.T,BUY,187,532.2000122070312,N/A
combined,2023-09-15 00:00:00+09:00,1579.T,BUY,6,22595.0,N/A
combined,2023-09-19 00:00:00+09:00,1360.T,SELL,276,542.0,N/A
combined,2023-09-20 00:00:00+09:00,1579.T,BUY,6,21880.0,N/A
combined,2023-09-28 00:00:00+09:00,1579.T,SELL,7,20595.0,N/A
combined,2023-09-29 00:00:00+09:00,1579.T,SELL,7,20620.0,N/A
combined,2023-09-29 00:00:00+09:00,1360.T,BUY,257,581.4000244140625,N/A
combined,2023-10-02 00:00:00+09:00,1579.T,SELL,9,20520.0,N/A
combined,2023-10-02 00:00:00+09:00,1360.T,BUY,256,584.2999877929688,N/A
combined,2023-10-03 00:00:00+09:00,1579.T,BUY,5,19765.0,N/A
combined,2023-10-03 00:00:00+09:00,1360.T,SELL,165,604.5999755859375,N/A
combined,2023-10-03 00:00:00+09:00,1579.T,SELL,7,19765.0,N/A
combined,2023-10-03 00:00:00+09:00,1360.T,BUY,330,604.5999755859375,N/A
combined,2023-10-04 00:00:00+09:00,1579.T,BUY,5,18925.0,N/A
combined,2023-10-04 00:00:00+09:00,1360.T,SELL,158,631.4000244140625,N/A
combined,2023-10-04 00:00:00+09:00,1579.T,SELL,7,18925.0,N/A
combined,2023-10-04 00:00:00+09:00,1360.T,BUY,237,631.4000244140625,N/A
combined,2023-10-05 00:00:00+09:00,1579.T,BUY,5,19580.0,N/A
combined,2023-10-05 00:00:00+09:00,1360.T,SELL,164,609.0,N/A
combined,2023-10-05 00:00:00+09:00,1579.T,SELL,7,19580.0,N/A
combined,2023-10-05 00:00:00+09:00,1360.T,BUY,246,609.0,N/A
combined,2023-10-06 00:00:00+09:00,1579.T,BUY,5,19515.0,N/A
combined,2023-10-06 00:00:00+09:00,1360.T,SELL,163,610.5,N/A
combined,2023-10-06 00:00:00+09:00,1579.T,SELL,7,19515.0,N/A
combined,2023-10-06 00:00:00+09:00,1360.T,BUY,245,610.5,N/A
combined,2023-10-10 00:00:00+09:00,1579.T,SELL,7,20430.0,N/A
combined,2023-10-10 00:00:00+09:00,1360.T,BUY,257,581.5,N/A
combined,2023-10-11 00:00:00+09:00,1579.T,SELL,7,20680.0,N/A
combined,2023-10-11 00:00:00+09:00,1360.T,BUY,260,574.9000244140625,N/A
combined,2023-11-06 00:00:00+09:00,1360.T,BUY,184,542.0,N/A
combined,2023-11-07 00:00:00+09:00,1360.T,SELL,269,556.5,N/A
combined,2023-11-08 00:00:00+09:00,1579.T,BUY,7,20860.0,N/A
combined,2023-11-08 00:00:00+09:00,1360.T,SELL,357,559.7000122070312,N/A
combined,2023-11-09 00:00:00+09:00,1579.T,BUY,9,21545.0,N/A
combined,2023-11-09 00:00:00+09:00,1360.T,SELL,276,542.0,N/A
combined,2023-11-10 00:00:00+09:00,1579.T,BUY,7,21420.0,N/A
combined,2023-11-10 00:00:00+09:00,1360.T,SELL,275,544.7000122070312,N/A
combined,2023-11-13 00:00:00+09:00,1579.T,BUY,7,21395.0,N/A
combined,2023-11-13 00:00:00+09:00,1360.T,SELL,274,545.7999877929688,N/A
combined,2023-11-14 00:00:00+09:00,1579.T,BUY,6,21580.0,N/A
combined,2023-11-15 00:00:00+09:00,1579.T,SELL,4,22640.0,N/A
combined,2023-11-15 00:00:00+09:00,1360.T,BUY,194,513.9000244140625,N/A
combined,2023-11-15 00:00:00+09:00,1360.T,SELL,291,513.9000244140625,N/A
combined,2023-11-16 00:00:00+09:00,1579.T,SELL,4,22480.0,N/A
combined,2023-11-16 00:00:00+09:00,1360.T,BUY,193,517.7000122070312,N/A
combined,2023-11-16 00:00:00+09:00,1579.T,BUY,6,22480.0,N/A
combined,2023-11-17 00:00:00+09:00,1579.T,SELL,4,22710.0,N/A
combined,2023-11-17 00:00:00+09:00,1360.T,BUY,195,512.7000122070312,N/A
combined,2023-11-17 00:00:00+09:00,1360.T,SELL,292,512.7000122070312,N/A
combined,2023-11-20 00:00:00+09:00,1579.T,SELL,4,22430.0,N/A
combined,2023-11-20 00:00:00+09:00,1360.T,BUY,192,518.7000122070312,N/A
combined,2023-11-20 00:00:00+09:00,1579.T,BUY,6,22430.0,N/A
combined,2023-11-20 00:00:00+09:00,1360.T,SELL,289,518.7000122070312,N/A
combined,2023-11-21 00:00:00+09:00,1579.T,SELL,4,22435.0,N/A
combined,2023-11-21 00:00:00+09:00,1360.T,BUY,192,519.2000122070312,N/A
combined,2023-11-21 00:00:00+09:00,1579.T,BUY,6,22435.0,N/A
combined,2023-11-22 00:00:00+09:00,1579.T,SELL,4,22515.0,N/A
combined,2023-11-22 00:00:00+09:00,1360.T,BUY,193,516.2999877929688,N/A
combined,2023-11-22 00:00:00+09:00,1360.T,SELL,290,516.2999877929688,N/A
combined,2023-11-24 00:00:00+09:00,1579.T,SELL,4,22785.0,N/A
combined,2023-11-24 00:00:00+09:00,1360.T,BUY,195,510.6000061035156,N/A
combined,2023-11-24 00:00:00+09:00,1579.T,BUY,6,22785.0,N/A
combined,2023-11-24 00:00:00+09:00,1360.T,SELL,293,510.6000061035156,N/A
combined,2023-11-27 00:00:00+09:00,1579.T,BUY,6,22500.0,N/A
combined,2023-11-28 00:00:00+09:00,1579.T,SELL,4,22490.0,N/A
combined,2023-11-28 00:00:00+09:00,1360.T,BUY,193,517.2999877929688,N/A
combined,2023-11-29 00:00:00+09:00,1579.T,SELL,4,22340.0,N/A
combined,2023-11-29 00:00:00+09:00,1360.T,BUY,192,520.0,N/A
combined,2023-11-29 00:00:00+09:00,1360.T,SELL,288,520.0,N/A
combined,2023-11-30 00:00:00+09:00,1579.T,BUY,6,22530.0,N/A
combined,2023-12-07 00:00:00+09:00,1579.T,SELL,4,21760.0,N/A
combined,2023-12-08 00:00:00+09:00,1579.T,BUY,4,20980.0,N/A
combined,2023-12-14 00:00:00+09:00,1579.T,SELL,9,21460.0,N/A
combined,2023-12-15 00:00:00+09:00,1360.T,BUY,379,527.5,N/A
combined,2023-12-26 00:00:00+09:00,1360.T,SELL,290,516.4000244140625,N/A
combined,2023-12-27 00:00:00+09:00,1579.T,BUY,6,22780.0,N/A
combined,2024-01-10 00:00:00+09:00,1579.T,SELL,4,23925.0,N/A
combined,2024-01-10 00:00:00+09:00,1360.T,BUY,208,479.0,N/A
combined,2024-01-10 00:00:00+09:00,1360.T,SELL,313,479.0,N/A
combined,2024-01-11 00:00:00+09:00,1579.T,SELL,4,24795.0,N/A
combined,2024-01-11 00:00:00+09:00,1360.T,BUY,216,461.6000061035156,N/A
combined,2024-01-11 00:00:00+09:00,1579.T,BUY,6,24795.0,N/A
combined,2024-01-11 00:00:00+09:00,1360.T,SELL,324,461.6000061035156,N/A
combined,2024-01-12 00:00:00+09:00,1579.T,SELL,3,25450.0,N/A
combined,2024-01-12 00:00:00+09:00,1360.T,BUY,223,448.20001220703125,N/A
combined,2024-01-12 00:00:00+09:00,1579.T,BUY,5,25450.0,N/A
combined,2024-01-15 00:00:00+09:00,1579.T,SELL,3,25580.0,N/A
combined,2024-01-15 00:00:00+09:00,1360.T,BUY,223,446.70001220703125,N/A
combined,2024-01-15 00:00:00+09:00,1360.T,SELL,335,446.70001220703125,N/A
combined,2024-01-16 00:00:00+09:00,1579.T,SELL,3,25570.0,N/A
combined,2024-01-16 00:00:00+09:00,1360.T,BUY,224,445.8999938964844,N/A
combined,2024-01-16 00:00:00+09:00,1579.T,BUY,5,25570.0,N/A
combined,2024-01-16 00:00:00+09:00,1360.T,SELL,336,445.8999938964844,N/A
combined,2024-01-17 00:00:00+09:00,1579.T,SELL,3,25350.0,N/A
combined,2024-01-17 00:00:00+09:00,1360.T,BUY,221,450.5,N/A
combined,2024-01-17 00:00:00+09:00,1579.T,BUY,5,25350.0,N/A
combined,2024-01-18 00:00:00+09:00,1579.T,SELL,3,25295.0,N/A
combined,2024-01-18 00:00:00+09:00,1360.T,BUY,221,451.20001220703125,N/A
combined,2024-01-18 00:00:00+09:00,1360.T,SELL,332,451.20001220703125,N/A
combined,2024-01-19 00:00:00+09:00,1579.T,SELL,3,26045.0,N/A
combined,2024-01-19 00:00:00+09:00,1360.T,BUY,228,438.1000061035156,N/A
combined,2024-01-19 00:00:00+09:00,1579.T,BUY,5,26045.0,N/A
combined,2024-01-19 00:00:00+09:00,1360.T,SELL,342,438.1000061035156,N/A
combined,2024-01-22 00:00:00+09:00,1579.T,SELL,3,26890.0,N/A
combined,2024-01-22 00:00:00+09:00,1360.T,BUY,236,423.5,N/A
combined,2024-01-23 00:00:00+09:00,1579.T,SELL,3,26820.0,N/A
combined,2024-01-23 00:00:00+09:00,1360.T,BUY,235,424.70001220703125,N/A
combined,2024-01-23 00:00:00+09:00,1360.T,SELL,353,424.70001220703125,N/A
combined,2024-01-24 00:00:00+09:00,1579.T,SELL,3,26395.0,N/A
combined,2024-01-24 00:00:00+09:00,1360.T,BUY,231,431.79998779296875,N/A
combined,2024-01-24 00:00:00+09:00,1579.T,BUY,5,26395.0,N/A
combined,2024-01-24 00:00:00+09:00,1360.T,SELL,347,431.79998779296875,N/A
combined,2024-01-25 00:00:00+09:00,1579.T,SELL,3,26410.0,N/A
combined,2024-01-25 00:00:00+09:00,1360.T,BUY,232,430.6000061035156,N/A
combined,2024-01-25 00:00:00+09:00,1579.T,BUY,5,26410.0,N/A
combined,2024-01-26 00:00:00+09:00,1579.T,SELL,3,25650.0,N/A
combined,2024-01-26 00:00:00+09:00,1360.T,BUY,225,442.79998779296875,N/A
combined,2024-01-26 00:00:00+09:00,1360.T,SELL,338,442.79998779296875,N/A
combined,2024-01-29 00:00:00+09:00,1579.T,SELL,3,26075.0,N/A
combined,2024-01-29 00:00:00+09:00,1360.T,BUY,229,435.3999938964844,N/A
combined,2024-01-29 00:00:00+09:00,1579.T,BUY,5,26075.0,N/A
combined,2024-01-29 00:00:00+09:00,1360.T,SELL,344,435.3999938964844,N/A
combined,2024-01-30 00:00:00+09:00,1579.T,SELL,3,26115.0,N/A
combined,2024-01-30 00:00:00+09:00,1360.T,BUY,229,435.20001220703125,N/A
combined,2024-02-08 00:00:00+09:00,1579.T,SELL,3,27315.0,N/A
combined,2024-02-08 00:00:00+09:00,1360.T,BUY,241,414.5,N/A
combined,2024-02-13 00:00:00+09:00,1579.T,SELL,3,29015.0,N/A
combined,2024-02-13 00:00:00+09:00,1360.T,BUY,255,391.20001220703125,N/A
combined,2024-02-13 00:00:00+09:00,1579.T,BUY,5,29015.0,N/A
combined,2024-02-13 00:00:00+09:00,1360.T,SELL,383,391.20001220703125,N/A
combined,2024-02-14 00:00:00+09:00,1579.T,SELL,3,28675.0,N/A
combined,2024-02-14 00:00:00+09:00,1360.T,BUY,253,394.70001220703125,N/A
combined,2024-02-14 00:00:00+09:00,1579.T,BUY,5,28675.0,N/A
combined,2024-02-14 00:00:00+09:00,1360.T,SELL,380,394.70001220703125,N/A
combined,2024-02-15 00:00:00+09:00,1579.T,SELL,3,29200.0,N/A
combined,2024-02-15 00:00:00+09:00,1360.T,BUY,259,385.20001220703125,N/A
combined,2024-02-15 00:00:00+09:00,1579.T,BUY,5,29200.0,N/A
combined,2024-02-15 00:00:00+09:00,1360.T,SELL,389,385.20001220703125,N/A
combined,2024-02-16 00:00:00+09:00,1579.T,SELL,3,29735.0,N/A
combined,2024-02-16 00:00:00+09:00,1360.T,BUY,263,378.79998779296875,N/A
combined,2024-02-16 00:00:00+09:00,1579.T,BUY,5,29735.0,N/A
combined,2024-02-19 00:00:00+09:00,1579.T,SELL,3,29650.0,N/A
combined,2024-02-20 00:00:00+09:00,1579.T,SELL,3,29580.0,N/A
combined,2024-02-20 00:00:00+09:00,1360.T,BUY,262,380.6000061035156,N/A
combined,2024-02-20 00:00:00+09:00,1360.T,SELL,394,380.6000061035156,N/A
combined,2024-02-21 00:00:00+09:00,1579.T,SELL,3,29355.0,N/A
combined,2024-02-21 00:00:00+09:00,1360.T,BUY,261,382.8999938964844,N/A
combined,2024-02-21 00:00:00+09:00,1579.T,BUY,5,29355.0,N/A
combined,2024-02-21 00:00:00+09:00,1360.T,SELL,391,382.8999938964844,N/A
combined,2024-02-22 00:00:00+09:00,1579.T,SELL,3,30640.0,N/A
combined,2024-02-22 00:00:00+09:00,1360.T,BUY,273,366.1000061035156,N/A
combined,2024-02-22 00:00:00+09:00,1579.T,BUY,4,30640.0,N/A
combined,2024-02-26 00:00:00+09:00,1579.T,SELL,3,30780.0,N/A
combined,2024-02-26 00:00:00+09:00,1360.T,BUY,274,364.5,N/A
combined,2024-02-26 00:00:00+09:00,1360.T,SELL,411,364.5,N/A
combined,2024-02-27 00:00:00+09:00,1579.T,SELL,3,30860.0,N/A
combined,2024-02-27 00:00:00+09:00,1360.T,BUY,275,363.6000061035156,N/A
combined,2024-02-27 00:00:00+09:00,1579.T,BUY,4,30860.0,N/A
combined,2024-02-27 00:00:00+09:00,1360.T,SELL,412,363.6000061035156,N/A
combined,2024-02-28 00:00:00+09:00,1579.T,SELL,3,30800.0,N/A
combined,2024-02-28 00:00:00+09:00,1360.T,BUY,274,364.1000061035156,N/A
combined,2024-02-28 00:00:00+09:00,1579.T,BUY,4,30800.0,N/A
combined,2024-02-29 00:00:00+09:00,1579.T,SELL,3,30790.0,N/A
combined,2024-02-29 00:00:00+09:00,1360.T,BUY,274,364.70001220703125,N/A
combined,2024-02-29 00:00:00+09:00,1360.T,SELL,411,364.70001220703125,N/A
combined,2024-03-01 00:00:00+09:00,1579.T,SELL,3,31970.0,N/A
combined,2024-03-01 00:00:00+09:00,1360.T,BUY,284,351.0,N/A
combined,2024-03-01 00:00:00+09:00,1579.T,BUY,4,31970.0,N/A
combined,2024-03-01 00:00:00+09:00,1360.T,SELL,427,351.0,N/A
combined,2024-03-04 00:00:00+09:00,1579.T,SELL,3,32220.0,N/A
combined,2024-03-04 00:00:00+09:00,1360.T,BUY,287,347.3999938964844,N/A
combined,2024-03-04 00:00:00+09:00,1579.T,BUY,4,32220.0,N/A
combined,2024-03-05 00:00:00+09:00,1579.T,SELL,3,32280.0,N/A
combined,2024-03-05 00:00:00+09:00,1360.T,BUY,287,347.29998779296875,N/A
combined,2024-03-05 00:00:00+09:00,1579.T,BUY,4,32280.0,N/A
combined,2024-03-05 00:00:00+09:00,1360.T,SELL,431,347.29998779296875,N/A
combined,2024-03-06 00:00:00+09:00,1579.T,SELL,3,32230.0,N/A
combined,2024-03-06 00:00:00+09:00,1360.T,BUY,288,347.20001220703125,N/A
combined,2024-03-06 00:00:00+09:00,1579.T,BUY,4,32230.0,N/A
combined,2024-03-06 00:00:00+09:00,1360.T,SELL,432,347.20001220703125,N/A
combined,2024-03-07 00:00:00+09:00,1579.T,SELL,3,31380.0,N/A
combined,2024-03-07 00:00:00+09:00,1360.T,BUY,280,356.29998779296875,N/A
combined,2024-03-07 00:00:00+09:00,1579.T,BUY,4,31380.0,N/A
combined,2024-03-07 00:00:00+09:00,1360.T,SELL,280,356.29998779296875,N/A
combined,2024-03-08 00:00:00+09:00,1579.T,SELL,3,31560.0,N/A
combined,2024-03-08 00:00:00+09:00,1360.T,BUY,282,354.3999938964844,N/A
combined,2024-03-08 00:00:00+09:00,1360.T,SELL,282,354.3999938964844,N/A
combined,2024-03-21 00:00:00+09:00,1579.T,SELL,3,33270.0,N/A
combined,2024-03-21 00:00:00+09:00,1360.T,BUY,300,332.70001220703125,N/A
combined,2024-03-22 00:00:00+09:00,1579.T,SELL,2,33440.0,N/A
combined,2024-03-22 00:00:00+09:00,1360.T,BUY,301,331.6000061035156,N/A
combined,2024-03-22 00:00:00+09:00,1579.T,BUY,4,33440.0,N/A
combined,2024-04-05 00:00:00+09:00,1579.T,SELL,3,30710.0,N/A
combined,2024-04-12 00:00:00+09:00,1579.T,SELL,6,31570.0,N/A
combined,2024-04-16 00:00:00+09:00,1579.T,BUY,3,29880.0,N/A
combined,2024-04-16 00:00:00+09:00,1360.T,SELL,271,367.70001220703125,N/A
combined,2024-04-16 00:00:00+09:00,1360.T,BUY,543,367.70001220703125,N/A
combined,2024-04-17 00:00:00+09:00,1579.T,BUY,3,29100.0,N/A
combined,2024-04-17 00:00:00+09:00,1360.T,SELL,265,376.6000061035156,N/A
combined,2024-04-17 00:00:00+09:00,1579.T,SELL,5,29100.0,N/A
combined,2024-04-18 00:00:00+09:00,1579.T,BUY,3,29255.0,N/A
combined,2024-04-18 00:00:00+09:00,1360.T,SELL,266,375.0,N/A
combined,2024-04-18 00:00:00+09:00,1579.T,SELL,5,29255.0,N/A
combined,2024-04-18 00:00:00+09:00,1360.T,BUY,400,375.0,N/A
combined,2024-04-19 00:00:00+09:00,1579.T,BUY,3,27705.0,N/A
combined,2024-04-19 00:00:00+09:00,1360.T,SELL,253,394.29998779296875,N/A
combined,2024-04-19 00:00:00+09:00,1579.T,SELL,5,27705.0,N/A
combined,2024-04-19 00:00:00+09:00,1360.T,BUY,380,394.29998779296875,N/A
combined,2024-04-22 00:00:00+09:00,1579.T,BUY,3,28305.0,N/A
combined,2024-04-22 00:00:00+09:00,1579.T,SELL,5,28305.0,N/A
combined,2024-04-22 00:00:00+09:00,1360.T,BUY,389,385.29998779296875,N/A
combined,2024-04-23 00:00:00+09:00,1579.T,SELL,5,28365.0,N/A
combined,2024-04-23 00:00:00+09:00,1360.T,BUY,390,384.29998779296875,N/A
combined,2024-04-24 00:00:00+09:00,1579.T,SELL,5,29745.0,N/A
combined,2024-04-24 00:00:00+09:00,1360.T,BUY,408,367.0,N/A
combined,2024-04-25 00:00:00+09:00,1579.T,SELL,5,28505.0,N/A
combined,2024-04-25 00:00:00+09:00,1360.T,BUY,392,382.0,N/A
combined,2024-04-26 00:00:00+09:00,1360.T,BUY,399,375.6000061035156,N/A
combined,2024-05-17 00:00:00+09:00,1360.T,SELL,418,358.0,N/A
combined,2024-05-20 00:00:00+09:00,1360.T,BUY,283,352.3999938964844,N/A
combined,2024-05-20 00:00:00+09:00,1360.T,SELL,567,352.3999938964844,N/A
combined,2024-05-21 00:00:00+09:00,1360.T,SELL,422,354.8999938964844,N/A
combined,2024-05-22 00:00:00+09:00,1360.T,SELL,415,361.0,N/A
combined,2024-05-22 00:00:00+09:00,1579.T,BUY,6,29950.0,N/A
combined,2024-05-23 00:00:00+09:00,1579.T,BUY,4,30710.0,N/A
combined,2024-05-23 00:00:00+09:00,1360.T,SELL,426,351.70001220703125,N/A
combined,2024-05-24 00:00:00+09:00,1579.T,BUY,5,29910.0,N/A
combined,2024-05-24 00:00:00+09:00,1360.T,SELL,415,360.8999938964844,N/A
combined,2024-05-27 00:00:00+09:00,1579.T,BUY,4,30330.0,N/A
combined,2024-05-27 00:00:00+09:00,1360.T,SELL,421,355.8999938964844,N/A
combined,2024-05-28 00:00:00+09:00,1579.T,BUY,4,30310.0,N/A
combined,2024-05-29 00:00:00+09:00,1579.T,BUY,5,29765.0,N/A
combined,2024-05-30 00:00:00+09:00,1579.T,SELL,5,29015.0,N/A
combined,2024-05-31 00:00:00+09:00,1579.T,SELL,5,29695.0,N/A
combined,2024-06-04 00:00:00+09:00,1579.T,BUY,4,30220.0,N/A
combined,2024-06-10 00:00:00+09:00,1579.T,BUY,4,30570.0,N/A
combined,2024-06-11 00:00:00+09:00,1579.T,BUY,4,30650.0,N/A
combined,2024-06-12 00:00:00+09:00,1579.T,BUY,4,30270.0,N/A
combined,2024-06-17 00:00:00+09:00,1579.T,SELL,5,28990.0,N/A
combined,2024-06-18 00:00:00+09:00,1579.T,SELL,5,29510.0,N/A
combined,2024-06-19 00:00:00+09:00,1579.T,SELL,5,29660.0,N/A
combined,2024-06-20 00:00:00+09:00,1579.T,SELL,6,29810.0,N/A
combined,2024-06-21 00:00:00+09:00,1579.T,SELL,5,29805.0,N/A
combined,2024-06-24 00:00:00+09:00,1579.T,SELL,4,30110.0,N/A
combined,2024-06-24 00:00:00+09:00,1579.T,BUY,3,30110.0,N/A
combined,2024-06-24 00:00:00+09:00,1360.T,BUY,561,356.3999938964844,N/A
combined,2024-06-25 00:00:00+09:00,1579.T,BUY,4,30700.0,N/A
combined,2024-06-25 00:00:00+09:00,1360.T,SELL,429,348.8999938964844,N/A
combined,2024-06-26 00:00:00+09:00,1579.T,SELL,3,31450.0,N/A
combined,2024-06-26 00:00:00+09:00,1360.T,BUY,294,339.79998779296875,N/A
combined,2024-06-26 00:00:00+09:00,1579.T,BUY,4,31450.0,N/A
combined,2024-06-26 00:00:00+09:00,1360.T,SELL,588,339.79998779296875,N/A
combined,2024-06-27 00:00:00+09:00,1579.T,BUY,4,30880.0,N/A
combined,2024-06-28 00:00:00+09:00,1579.T,BUY,319,313.0,N/A
combined,2024-07-01 00:00:00+09:00,1579.T,BUY,31887,3.135999917984009,N/A
combined,2024-07-02 00:00:00+09:00,1579.T,BUY,311,321.20001220703125,N/A
combined,2024-07-02 00:00:00+09:00,1360.T,BUY,300,333.0,N/A
combined,2024-07-02 00:00:00+09:00,1579.T,SELL,466,321.20001220703125,N/A
combined,2024-07-03 00:00:00+09:00,1579.T,BUY,303,329.79998779296875,N/A
combined,2024-07-03 00:00:00+09:00,1360.T,BUY,308,324.1000061035156,N/A
combined,2024-07-03 00:00:00+09:00,1579.T,SELL,454,329.79998779296875,N/A
combined,2024-07-03 00:00:00+09:00,1360.T,SELL,462,324.1000061035156,N/A
combined,2024-07-04 00:00:00+09:00,1579.T,BUY,298,334.79998779296875,N/A
combined,2024-07-04 00:00:00+09:00,1360.T,BUY,313,318.79998779296875,N/A
combined,2024-07-04 00:00:00+09:00,1579.T,SELL,448,334.79998779296875,N/A
combined,2024-07-05 00:00:00+09:00,1579.T,BUY,299,334.29998779296875,N/A
combined,2024-07-05 00:00:00+09:00,1360.T,BUY,312,319.79998779296875,N/A
combined,2024-07-05 00:00:00+09:00,1579.T,SELL,448,334.29998779296875,N/A
combined,2024-07-05 00:00:00+09:00,1360.T,SELL,469,319.79998779296875,N/A
combined,2024-07-08 00:00:00+09:00,1579.T,BUY,299,333.3999938964844,N/A
combined,2024-07-08 00:00:00+09:00,1360.T,BUY,312,320.20001220703125,N/A
combined,2024-07-08 00:00:00+09:00,1579.T,SELL,449,333.3999938964844,N/A
combined,2024-07-08 00:00:00+09:00,1360.T,SELL,468,320.20001220703125,N/A
combined,2024-07-09 00:00:00+09:00,1579.T,BUY,288,346.1000061035156,N/A
combined,2024-07-09 00:00:00+09:00,1360.T,BUY,324,307.79998779296875,N/A
combined,2024-07-09 00:00:00+09:00,1579.T,SELL,433,346.1000061035156,N/A
combined,2024-07-10 00:00:00+09:00,1579.T,BUY,285,350.3999938964844,N/A
combined,2024-07-10 00:00:00+09:00,1360.T,BUY,328,304.1000061035156,N/A
combined,2024-07-10 00:00:00+09:00,1579.T,SELL,428,350.3999938964844,N/A
combined,2024-07-10 00:00:00+09:00,1360.T,SELL,493,304.1000061035156,N/A
combined,2024-07-11 00:00:00+09:00,1579.T,BUY,279,357.29998779296875,N/A
combined,2024-07-11 00:00:00+09:00,1360.T,BUY,335,298.5,N/A
combined,2024-07-11 00:00:00+09:00,1579.T,SELL,419,357.29998779296875,N/A
combined,2024-07-11 00:00:00+09:00,1360.T,SELL,502,298.5,N/A
combined,2024-07-12 00:00:00+09:00,1579.T,BUY,295,338.8999938964844,N/A
combined,2024-07-12 00:00:00+09:00,1360.T,BUY,319,313.29998779296875,N/A
combined,2024-07-12 00:00:00+09:00,1579.T,SELL,442,338.8999938964844,N/A
combined,2024-07-16 00:00:00+09:00,1579.T,BUY,294,339.5,N/A
combined,2024-07-16 00:00:00+09:00,1360.T,BUY,320,312.5,N/A
combined,2024-07-16 00:00:00+09:00,1579.T,SELL,441,339.5,N/A
combined,2024-07-16 00:00:00+09:00,1360.T,SELL,480,312.5,N/A
combined,2024-07-17 00:00:00+09:00,1579.T,BUY,296,337.1000061035156,N/A
combined,2024-07-17 00:00:00+09:00,1579.T,SELL,444,337.1000061035156,N/A
combined,2024-07-18 00:00:00+09:00,1579.T,BUY,311,320.8999938964844,N/A
combined,2024-07-18 00:00:00+09:00,1579.T,SELL,467,320.8999938964844,N/A
combined,2024-07-22 00:00:00+09:00,1579.T,SELL,320,312.29998779296875,N/A
combined,2024-07-25 00:00:00+09:00,1579.T,BUY,349,285.79998779296875,N/A
combined,2024-07-25 00:00:00+09:00,1360.T,SELL,271,368.8999938964844,N/A
combined,2024-07-25 00:00:00+09:00,1360.T,BUY,271,368.8999938964844,N/A
combined,2024-07-26 00:00:00+09:00,1579.T,BUY,354,282.29998779296875,N/A
combined,2024-07-26 00:00:00+09:00,1360.T,SELL,268,372.79998779296875,N/A
combined,2024-07-26 00:00:00+09:00,1360.T,BUY,402,372.79998779296875,N/A
combined,2024-07-29 00:00:00+09:00,1360.T,BUY,562,355.70001220703125,N/A
combined,2024-07-30 00:00:00+09:00,1579.T,BUY,338,295.29998779296875,N/A
combined,2024-07-30 00:00:00+09:00,1360.T,SELL,281,355.79998779296875,N/A
combined,2024-07-30 00:00:00+09:00,1360.T,BUY,421,355.79998779296875,N/A
combined,2024-07-31 00:00:00+09:00,1579.T,BUY,329,303.70001220703125,N/A
combined,2024-07-31 00:00:00+09:00,1579.T,SELL,329,303.70001220703125,N/A
combined,2024-07-31 00:00:00+09:00,1360.T,BUY,435,344.70001220703125,N/A
combined,2024-08-01 00:00:00+09:00,1579.T,BUY,346,288.5,N/A
combined,2024-08-01 00:00:00+09:00,1360.T,SELL,276,362.20001220703125,N/A
combined,2024-08-01 00:00:00+09:00,1360.T,BUY,414,362.20001220703125,N/A
combined,2024-08-02 00:00:00+09:00,1579.T,BUY,391,255.3000030517578,N/A
combined,2024-08-02 00:00:00+09:00,1360.T,SELL,247,404.0,N/A
combined,2024-08-02 00:00:00+09:00,1579.T,SELL,391,255.3000030517578,N/A
combined,2024-08-02 00:00:00+09:00,1360.T,BUY,371,404.0,N/A
combined,2024-08-05 00:00:00+09:00,1360.T,SELL,206,484.0,N/A
combined,2024-08-05 00:00:00+09:00,1579.T,SELL,538,185.60000610351562,N/A
combined,2024-08-05 00:00:00+09:00,1360.T,BUY,309,484.0,N/A
combined,2024-08-06 00:00:00+09:00,1579.T,BUY,442,226.0,N/A
combined,2024-08-06 00:00:00+09:00,1579.T,SELL,442,226.0,N/A
combined,2024-08-07 00:00:00+09:00,1579.T,SELL,423,236.1999969482422,N/A
combined,2024-08-07 00:00:00+09:00,1360.T,BUY,382,392.6000061035156,N/A
combined,2024-08-20 00:00:00+09:00,1360.T,SELL,456,328.5,N/A
combined,2024-08-21 00:00:00+09:00,1360.T,SELL,453,330.79998779296875,N/A
combined,2024-08-22 00:00:00+09:00,1360.T,SELL,611,327.0,N/A
combined,2024-08-23 00:00:00+09:00,1360.T,SELL,463,323.3999938964844,N/A
combined,2024-08-26 00:00:00+09:00,1579.T,SELL,361,277.0,N/A
combined,2024-08-26 00:00:00+09:00,1360.T,BUY,304,328.6000061035156,N/A
combined,2024-08-26 00:00:00+09:00,1360.T,SELL,456,328.6000061035156,N/A
combined,2024-08-27 00:00:00+09:00,1579.T,SELL,357,280.1000061035156,N/A
combined,2024-08-27 00:00:00+09:00,1360.T,BUY,307,324.79998779296875,N/A
combined,2024-08-27 00:00:00+09:00,1360.T,SELL,461,324.79998779296875,N/A
combined,2024-08-28 00:00:00+09:00,1579.T,SELL,355,281.1000061035156,N/A
combined,2024-08-28 00:00:00+09:00,1360.T,BUY,309,323.6000061035156,N/A
combined,2024-08-29 00:00:00+09:00,1579.T,SELL,355,281.20001220703125,N/A
combined,2024-08-29 00:00:00+09:00,1360.T,BUY,309,323.3999938964844,N/A
combined,2024-08-29 00:00:00+09:00,1360.T,SELL,463,323.3999938964844,N/A
combined,2024-08-29 00:00:00+09:00,1579.T,BUY,711,281.20001220703125,N/A
combined,2024-08-30 00:00:00+09:00,1579.T,SELL,350,285.0,N/A
combined,2024-08-30 00:00:00+09:00,1360.T,BUY,313,319.0,N/A
combined,2024-08-30 00:00:00+09:00,1360.T,SELL,470,319.0,N/A
combined,2024-09-02 00:00:00+09:00,1579.T,SELL,349,285.79998779296875,N/A
combined,2024-09-02 00:00:00+09:00,1360.T,BUY,314,318.20001220703125,N/A
combined,2024-09-03 00:00:00+09:00,1579.T,SELL,348,286.79998779296875,N/A
combined,2024-09-03 00:00:00+09:00,1360.T,BUY,315,317.3999938964844,N/A
combined,2024-09-03 00:00:00+09:00,1360.T,SELL,472,317.3999938964844,N/A
combined,2024-09-04 00:00:00+09:00,1579.T,SELL,382,261.1000061035156,N/A
combined,2024-09-09 00:00:00+09:00,1579.T,BUY,400,250.0,N/A
combined,2024-09-10 00:00:00+09:00,1579.T,BUY,401,249.1999969482422,N/A
combined,2024-09-11 00:00:00+09:00,1579.T,BUY,413,241.8000030517578,N/A
combined,2024-09-11 00:00:00+09:00,1360.T,BUY,402,372.3999938964844,N/A
combined,2024-09-12 00:00:00+09:00,1360.T,BUY,432,346.79998779296875,N/A
combined,2024-09-13 00:00:00+09:00,1360.T,BUY,425,352.3999938964844,N/A
combined,2024-09-13 00:00:00+09:00,1579.T,SELL,785,254.60000610351562,N/A
combined,2024-09-17 00:00:00+09:00,1360.T,BUY,417,359.5,N/A
combined,2024-09-18 00:00:00+09:00,1360.T,BUY,561,356.29998779296875,N/A
combined,2024-09-19 00:00:00+09:00,1360.T,BUY,440,340.79998779296875,N/A
combined,2024-09-20 00:00:00+09:00,1579.T,BUY,368,271.1000061035156,N/A
combined,2024-09-20 00:00:00+09:00,1360.T,SELL,454,329.70001220703125,N/A
combined,2024-09-24 00:00:00+09:00,1360.T,SELL,460,326.0,N/A
combined,2024-09-25 00:00:00+09:00,1360.T,SELL,458,327.20001220703125,N/A
combined,2024-09-26 00:00:00+09:00,1360.T,SELL,481,311.6000061035156,N/A
combined,2024-09-27 00:00:00+09:00,1579.T,SELL,328,304.1000061035156,N/A
combined,2024-09-27 00:00:00+09:00,1360.T,BUY,342,292.0,N/A
combined,2024-09-27 00:00:00+09:00,1360.T,SELL,684,292.0,N/A
combined,2024-09-30 00:00:00+09:00,1360.T,SELL,470,318.6000061035156,N/A
combined,2024-10-01 00:00:00+09:00,1579.T,BUY,697,286.79998779296875,N/A
combined,2024-10-31 00:00:00+09:00,1579.T,BUY,342,292.20001220703125,N/A
combined,2024-11-01 00:00:00+09:00,1579.T,SELL,726,275.3999938964844,N/A
combined,2024-11-05 00:00:00+09:00,1360.T,BUY,657,304.0,N/A
combined,2024-11-06 00:00:00+09:00,1579.T,BUY,336,297.5,N/A
combined,2024-11-06 00:00:00+09:00,1360.T,SELL,345,289.29998779296875,N/A
combined,2024-11-11 00:00:00+09:00,1579.T,BUY,671,297.70001220703125,N/A
combined,2024-11-15 00:00:00+09:00,1579.T,SELL,701,285.0,N/A
combined,2024-11-18 00:00:00+09:00,1579.T,BUY,717,278.6000061035156,N/A
combined,2024-11-20 00:00:00+09:00,1579.T,SELL,714,280.1000061035156,N/A
combined,2024-11-21 00:00:00+09:00,1360.T,BUY,642,311.3999938964844,N/A
combined,2024-11-27 00:00:00+09:00,1360.T,BUY,485,309.20001220703125,N/A
combined,2024-11-28 00:00:00+09:00,1360.T,BUY,491,305.29998779296875,N/A
combined,2024-11-29 00:00:00+09:00,1360.T,BUY,486,308.1000061035156,N/A
combined,2024-12-02 00:00:00+09:00,1579.T,SELL,355,281.6000061035156,N/A
combined,2024-12-02 00:00:00+09:00,1360.T,BUY,495,302.79998779296875,N/A
combined,2024-12-03 00:00:00+09:00,1360.T,SELL,514,291.29998779296875,N/A
combined,2024-12-04 00:00:00+09:00,1360.T,SELL,514,291.5,N/A
combined,2024-12-05 00:00:00+09:00,1360.T,SELL,690,289.5,N/A
combined,2024-12-06 00:00:00+09:00,1360.T,SELL,510,293.6000061035156,N/A
combined,2024-12-09 00:00:00+09:00,1360.T,SELL,512,292.79998779296875,N/A
combined,2024-12-10 00:00:00+09:00,1579.T,BUY,678,294.79998779296875,N/A
combined,2024-12-12 00:00:00+09:00,1579.T,SELL,330,302.70001220703125,N/A
combined,2024-12-12 00:00:00+09:00,1360.T,BUY,354,282.0,N/A
combined,2024-12-12 00:00:00+09:00,1360.T,SELL,531,282.0,N/A
combined,2024-12-17 00:00:00+09:00,1360.T,BUY,346,288.8999938964844,N/A
combined,2024-12-17 00:00:00+09:00,1360.T,SELL,519,288.8999938964844,N/A
combined,2024-12-27 00:00:00+09:00,1579.T,SELL,323,309.0,N/A
combined,2024-12-27 00:00:00+09:00,1360.T,BUY,363,274.8999938964844,N/A
combined,2024-12-27 00:00:00+09:00,1579.T,BUY,485,309.0,N/A
combined,2024-12-30 00:00:00+09:00,1579.T,BUY,495,302.8999938964844,N/A
combined,2025-01-06 00:00:00+09:00,1579.T,BUY,511,293.0,N/A
combined,2025-01-07 00:00:00+09:00,1579.T,BUY,491,305.29998779296875,N/A
combined,2025-01-08 00:00:00+09:00,1579.T,BUY,494,303.5,N/A
combined,2025-01-09 00:00:00+09:00,1579.T,BUY,502,298.29998779296875,N/A
combined,2025-01-14 00:00:00+09:00,1579.T,SELL,356,280.79998779296875,N/A
combined,2025-01-15 00:00:00+09:00,1579.T,SELL,534,280.3999938964844,N/A
combined,2025-01-16 00:00:00+09:00,1579.T,SELL,531,282.3999938964844,N/A
combined,2025-01-17 00:00:00+09:00,1579.T,SELL,713,280.5,N/A
combined,2025-01-17 00:00:00+09:00,1360.T,BUY,498,301.20001220703125,N/A
combined,2025-01-20 00:00:00+09:00,1579.T,SELL,523,286.70001220703125,N/A
combined,2025-01-20 00:00:00+09:00,1360.T,BUY,679,294.20001220703125,N/A
combined,2025-01-21 00:00:00+09:00,1579.T,SELL,520,288.1000061035156,N/A
combined,2025-01-21 00:00:00+09:00,1360.T,BUY,512,292.79998779296875,N/A
combined,2025-01-22 00:00:00+09:00,1579.T,SELL,504,297.20001220703125,N/A
combined,2025-01-23 00:00:00+09:00,1360.T,SELL,538,278.70001220703125,N/A
combined,2025-01-24 00:00:00+09:00,1579.T,BUY,495,303.0,N/A
combined,2025-01-24 00:00:00+09:00,1360.T,SELL,538,278.70001220703125,N/A
combined,2025-01-27 00:00:00+09:00,1579.T,BUY,505,296.6000061035156,N/A
combined,2025-01-27 00:00:00+09:00,1360.T,SELL,529,283.5,N/A
combined,2025-01-28 00:00:00+09:00,1579.T,BUY,519,288.70001220703125,N/A
combined,2025-01-29 00:00:00+09:00,1579.T,BUY,509,294.29998779296875,N/A
combined,2025-01-30 00:00:00+09:00,1579.T,BUY,677,295.29998779296875,N/A
combined,2025-01-31 00:00:00+09:00,1579.T,BUY,504,297.3999938964844,N/A
combined,2025-02-03 00:00:00+09:00,1579.T,SELL,535,280.20001220703125,N/A
combined,2025-02-04 00:00:00+09:00,1579.T,SELL,526,284.70001220703125,N/A
combined,2025-02-05 00:00:00+09:00,1579.T,SELL,525,285.5,N/A
combined,2025-02-05 00:00:00+09:00,1360.T,BUY,509,294.20001220703125,N/A
combined,2025-02-06 00:00:00+09:00,1579.T,SELL,692,289.0,N/A
combined,2025-02-06 00:00:00+09:00,1360.T,BUY,516,290.20001220703125,N/A
combined,2025-02-07 00:00:00+09:00,1579.T,SELL,526,285.1000061035156,N/A
combined,2025-02-07 00:00:00+09:00,1360.T,BUY,680,294.1000061035156,N/A
combined,2025-02-10 00:00:00+09:00,1579.T,SELL,526,285.0,N/A
combined,2025-02-10 00:00:00+09:00,1360.T,BUY,509,294.29998779296875,N/A
combined,2025-02-12 00:00:00+09:00,1579.T,SELL,521,287.3999938964844,N/A
combined,2025-02-12 00:00:00+09:00,1360.T,BUY,514,291.5,N/A
combined,2025-02-13 00:00:00+09:00,1360.T,BUY,525,285.5,N/A
combined,2025-02-17 00:00:00+09:00,1360.T,SELL,519,288.8999938964844,N/A
combined,2025-02-18 00:00:00+09:00,1360.T,SELL,523,286.3999938964844,N/A
combined,2025-02-19 00:00:00+09:00,1360.T,SELL,519,288.70001220703125,N/A
combined,2025-02-20 00:00:00+09:00,1579.T,SELL,531,282.29998779296875,N/A
combined,2025-02-20 00:00:00+09:00,1360.T,BUY,506,296.20001220703125,N/A
combined,2025-02-21 00:00:00+09:00,1579.T,SELL,527,284.3999938964844,N/A
combined,2025-02-21 00:00:00+09:00,1360.T,BUY,509,294.20001220703125,N/A
combined,2025-02-25 00:00:00+09:00,1579.T,BUY,361,276.6000061035156,N/A
combined,2025-02-25 00:00:00+09:00,1360.T,SELL,330,302.29998779296875,N/A
combined,2025-02-25 00:00:00+09:00,1579.T,SELL,542,276.6000061035156,N/A
combined,2025-02-25 00:00:00+09:00,1360.T,BUY,496,302.29998779296875,N/A
combined,2025-02-26 00:00:00+09:00,1579.T,BUY,363,274.8999938964844,N/A
combined,2025-02-26 00:00:00+09:00,1360.T,SELL,328,304.20001220703125,N/A
combined,2025-02-26 00:00:00+09:00,1579.T,SELL,545,274.8999938964844,N/A
combined,2025-02-26 00:00:00+09:00,1360.T,BUY,493,304.20001220703125,N/A
combined,2025-02-27 00:00:00+09:00,1579.T,SELL,541,277.0,N/A
combined,2025-02-27 00:00:00+09:00,1360.T,BUY,497,301.70001220703125,N/A
combined,2025-02-28 00:00:00+09:00,1579.T,BUY,383,261.0,N/A
combined,2025-02-28 00:00:00+09:00,1360.T,SELL,313,319.20001220703125,N/A
combined,2025-02-28 00:00:00+09:00,1579.T,SELL,574,261.0,N/A
combined,2025-02-28 00:00:00+09:00,1360.T,BUY,469,319.20001220703125,N/A
combined,2025-03-03 00:00:00+09:00,1579.T,SELL,555,269.79998779296875,N/A
combined,2025-03-03 00:00:00+09:00,1360.T,BUY,486,308.20001220703125,N/A
combined,2025-03-04 00:00:00+09:00,1579.T,BUY,380,262.5,N/A
combined,2025-03-04 00:00:00+09:00,1360.T,SELL,315,316.6000061035156,N/A
combined,2025-03-04 00:00:00+09:00,1579.T,SELL,571,262.5,N/A
combined,2025-03-04 00:00:00+09:00,1360.T,BUY,473,316.6000061035156,N/A
combined,2025-03-05 00:00:00+09:00,1579.T,SELL,567,264.1000061035156,N/A
combined,2025-03-05 00:00:00+09:00,1360.T,BUY,475,315.29998779296875,N/A
combined,2025-03-06 00:00:00+09:00,1579.T,SELL,558,268.6000061035156,N/A
combined,2025-03-06 00:00:00+09:00,1360.T,BUY,485,309.1000061035156,N/A
combined,2025-03-07 00:00:00+09:00,1579.T,BUY,390,256.1000061035156,N/A
combined,2025-03-07 00:00:00+09:00,1579.T,SELL,585,256.1000061035156,N/A
combined,2025-03-07 00:00:00+09:00,1360.T,BUY,463,323.5,N/A
combined,2025-03-10 00:00:00+09:00,1579.T,SELL,580,258.3999938964844,N/A
combined,2025-03-10 00:00:00+09:00,1360.T,BUY,468,320.20001220703125,N/A
combined,2025-03-11 00:00:00+09:00,1579.T,BUY,392,255.0,N/A
combined,2025-03-11 00:00:00+09:00,1360.T,SELL,307,324.70001220703125,N/A
combined,2025-03-11 00:00:00+09:00,1579.T,SELL,588,255.0,N/A
combined,2025-03-11 00:00:00+09:00,1360.T,BUY,461,324.70001220703125,N/A
combined,2025-03-12 00:00:00+09:00,1579.T,BUY,392,255.0,N/A
combined,2025-03-12 00:00:00+09:00,1579.T,SELL,588,255.0,N/A
combined,2025-03-12 00:00:00+09:00,1360.T,BUY,462,324.20001220703125,N/A
combined,2025-03-13 00:00:00+09:00,1579.T,SELL,588,254.89999389648438,N/A
combined,2025-03-13 00:00:00+09:00,1360.T,BUY,462,324.5,N/A
combined,2025-03-14 00:00:00+09:00,1579.T,SELL,578,259.1000061035156,N/A
combined,2025-03-14 00:00:00+09:00,1360.T,BUY,469,319.20001220703125,N/A
combined,2025-03-17 00:00:00+09:00,1579.T,SELL,568,263.79998779296875,N/A
combined,2025-03-17 00:00:00+09:00,1360.T,BUY,478,313.6000061035156,N/A
combined,2025-03-31 00:00:00+09:00,1579.T,BUY,411,242.8000030517578,N/A
combined,2025-03-31 00:00:00+09:00,1360.T,SELL,295,337.8999938964844,N/A
combined,2025-03-31 00:00:00+09:00,1579.T,SELL,617,242.8000030517578,N/A
combined,2025-03-31 00:00:00+09:00,1360.T,BUY,443,337.8999938964844,N/A
combined,2025-04-01 00:00:00+09:00,1579.T,BUY,412,242.1999969482422,N/A
combined,2025-04-01 00:00:00+09:00,1360.T,SELL,294,339.20001220703125,N/A
combined,2025-04-01 00:00:00+09:00,1579.T,SELL,619,242.1999969482422,N/A
combined,2025-04-01 00:00:00+09:00,1360.T,BUY,442,339.20001220703125,N/A
combined,2025-04-02 00:00:00+09:00,1579.T,SELL,616,243.5,N/A
combined,2025-04-02 00:00:00+09:00,1360.T,BUY,446,336.29998779296875,N/A
combined,2025-04-03 00:00:00+09:00,1579.T,BUY,434,230.39999389648438,N/A
combined,2025-04-03 00:00:00+09:00,1360.T,SELL,281,355.20001220703125,N/A
combined,2025-04-03 00:00:00+09:00,1579.T,SELL,651,230.39999389648438,N/A
combined,2025-04-03 00:00:00+09:00,1360.T,BUY,422,355.20001220703125,N/A
combined,2025-04-04 00:00:00+09:00,1579.T,BUY,458,218.1999969482422,N/A
combined,2025-04-04 00:00:00+09:00,1360.T,SELL,267,373.6000061035156,N/A
combined,2025-04-04 00:00:00+09:00,1579.T,SELL,687,218.1999969482422,N/A
combined,2025-04-04 00:00:00+09:00,1360.T,BUY,401,373.6000061035156,N/A
combined,2025-04-07 00:00:00+09:00,1579.T,BUY,543,183.89999389648438,N/A
combined,2025-04-07 00:00:00+09:00,1360.T,SELL,230,433.0,N/A
combined,2025-04-07 00:00:00+09:00,1579.T,SELL,815,183.89999389648438,N/A
combined,2025-04-07 00:00:00+09:00,1360.T,BUY,346,433.0,N/A
combined,2025-04-08 00:00:00+09:00,1579.T,BUY,487,205.3000030517578,N/A
combined,2025-04-08 00:00:00+09:00,1579.T,SELL,730,205.3000030517578,N/A
combined,2025-04-08 00:00:00+09:00,1360.T,BUY,391,382.70001220703125,N/A
combined,2025-04-09 00:00:00+09:00,1579.T,BUY,526,190.0,N/A
combined,2025-04-09 00:00:00+09:00,1360.T,SELL,244,409.0,N/A
combined,2025-04-09 00:00:00+09:00,1579.T,SELL,789,190.0,N/A
combined,2025-04-09 00:00:00+09:00,1360.T,BUY,366,409.0,N/A
combined,2025-04-10 00:00:00+09:00,1579.T,SELL,670,223.60000610351562,N/A
combined,2025-04-10 00:00:00+09:00,1360.T,BUY,443,338.3999938964844,N/A
combined,2025-04-11 00:00:00+09:00,1579.T,SELL,711,210.89999389648438,N/A
combined,2025-04-11 00:00:00+09:00,1360.T,BUY,422,355.20001220703125,N/A
combined,2025-04-14 00:00:00+09:00,1579.T,SELL,694,215.89999389648438,N/A
combined,2025-04-14 00:00:00+09:00,1360.T,BUY,433,346.20001220703125,N/A
combined,2025-04-15 00:00:00+09:00,1579.T,SELL,684,219.0,N/A
combined,2025-04-16 00:00:00+09:00,1579.T,SELL,700,214.1999969482422,N/A
combined,2025-04-25 00:00:00+09:00,1579.T,SELL,420,237.60000610351562,N/A
combined,2025-04-25 00:00:00+09:00,1360.T,BUY,320,311.79998779296875,N/A
combined,2025-04-25 00:00:00+09:00,1360.T,SELL,641,311.79998779296875,N/A
combined,2025-04-28 00:00:00+09:00,1360.T,SELL,483,310.20001220703125,N/A
combined,2025-04-30 00:00:00+09:00,1579.T,SELL,413,242.0,N/A
combined,2025-04-30 00:00:00+09:00,1360.T,BUY,326,306.29998779296875,N/A
combined,2025-04-30 00:00:00+09:00,1360.T,SELL,489,306.29998779296875,N/A
combined,2025-05-01 00:00:00+09:00,1360.T,SELL,500,299.6000061035156,N/A
combined,2025-05-02 00:00:00+09:00,1579.T,SELL,395,252.60000610351562,N/A
combined,2025-05-02 00:00:00+09:00,1360.T,BUY,340,293.29998779296875,N/A
combined,2025-05-02 00:00:00+09:00,1360.T,SELL,511,293.29998779296875,N/A
combined,2025-05-02 00:00:00+09:00,1579.T,BUY,791,252.60000610351562,N/A
combined,2025-05-07 00:00:00+09:00,1579.T,SELL,397,251.8000030517578,N/A
combined,2025-05-07 00:00:00+09:00,1360.T,BUY,340,294.1000061035156,N/A
combined,2025-05-07 00:00:00+09:00,1579.T,BUY,595,251.8000030517578,N/A
combined,2025-05-07 00:00:00+09:00,1360.T,SELL,510,294.1000061035156,N/A
combined,2025-05-08 00:00:00+09:00,1579.T,SELL,391,255.60000610351562,N/A
combined,2025-05-08 00:00:00+09:00,1360.T,BUY,345,289.5,N/A
combined,2025-05-08 00:00:00+09:00,1579.T,BUY,586,255.60000610351562,N/A
combined,2025-05-08 00:00:00+09:00,1360.T,SELL,518,289.5,N/A
combined,2025-05-09 00:00:00+09:00,1579.T,SELL,382,261.3999938964844,N/A
combined,2025-05-09 00:00:00+09:00,1360.T,BUY,353,283.20001220703125,N/A
combined,2025-05-09 00:00:00+09:00,1579.T,BUY,573,261.3999938964844,N/A
combined,2025-05-09 00:00:00+09:00,1360.T,SELL,529,283.20001220703125,N/A
combined,2025-05-12 00:00:00+09:00,1579.T,SELL,378,264.1000061035156,N/A
combined,2025-05-12 00:00:00+09:00,1360.T,BUY,357,280.1000061035156,N/A
combined,2025-05-12 00:00:00+09:00,1579.T,BUY,567,264.1000061035156,N/A
combined,2025-05-12 00:00:00+09:00,1360.T,SELL,535,280.1000061035156,N/A
combined,2025-05-13 00:00:00+09:00,1579.T,SELL,368,271.20001220703125,N/A
combined,2025-05-13 00:00:00+09:00,1360.T,BUY,367,272.29998779296875,N/A
combined,2025-05-13 00:00:00+09:00,1579.T,BUY,553,271.20001220703125,N/A
combined,2025-05-13 00:00:00+09:00,1360.T,SELL,550,272.29998779296875,N/A
combined,2025-05-14 00:00:00+09:00,1579.T,SELL,369,270.29998779296875,N/A
combined,2025-05-14 00:00:00+09:00,1360.T,BUY,365,273.5,N/A
combined,2025-05-14 00:00:00+09:00,1579.T,BUY,554,270.29998779296875,N/A
combined,2025-05-14 00:00:00+09:00,1360.T,SELL,548,273.5,N/A
combined,2025-05-15 00:00:00+09:00,1579.T,SELL,377,265.1000061035156,N/A
combined,2025-05-15 00:00:00+09:00,1360.T,BUY,358,278.6000061035156,N/A
combined,2025-05-15 00:00:00+09:00,1579.T,BUY,565,265.1000061035156,N/A
combined,2025-05-15 00:00:00+09:00,1360.T,SELL,538,278.6000061035156,N/A
combined,2025-05-16 00:00:00+09:00,1579.T,SELL,377,264.70001220703125,N/A
combined,2025-05-16 00:00:00+09:00,1360.T,BUY,358,278.8999938964844,N/A
combined,2025-05-16 00:00:00+09:00,1579.T,BUY,566,264.70001220703125,N/A
combined,2025-05-16 00:00:00+09:00,1360.T,SELL,537,278.8999938964844,N/A
combined,2025-05-19 00:00:00+09:00,1579.T,SELL,382,261.20001220703125,N/A
combined,2025-05-19 00:00:00+09:00,1360.T,BUY,353,283.1000061035156,N/A
combined,2025-05-19 00:00:00+09:00,1579.T,BUY,574,261.20001220703125,N/A
combined,2025-05-19 00:00:00+09:00,1360.T,SELL,529,283.1000061035156,N/A
combined,2025-05-20 00:00:00+09:00,1579.T,SELL,382,261.29998779296875,N/A
combined,2025-05-20 00:00:00+09:00,1360.T,BUY,353,282.5,N/A
combined,2025-05-20 00:00:00+09:00,1579.T,BUY,574,261.29998779296875,N/A
combined,2025-05-20 00:00:00+09:00,1360.T,SELL,530,282.5,N/A
combined,2025-05-21 00:00:00+09:00,1579.T,SELL,386,258.6000061035156,N/A
combined,2025-05-21 00:00:00+09:00,1360.T,BUY,350,285.70001220703125,N/A
combined,2025-05-21 00:00:00+09:00,1579.T,BUY,580,258.6000061035156,N/A
combined,2025-05-21 00:00:00+09:00,1360.T,SELL,525,285.70001220703125,N/A
combined,2025-05-22 00:00:00+09:00,1579.T,BUY,591,253.6999969482422,N/A
combined,2025-05-29 00:00:00+09:00,1579.T,BUY,546,274.5,N/A
combined,2025-05-30 00:00:00+09:00,1579.T,BUY,558,268.70001220703125,N/A
combined,2025-06-11 00:00:00+09:00,1579.T,BUY,548,273.5,N/A
combined,2025-06-13 00:00:00+09:00,1579.T,BUY,377,265.1000061035156,N/A
combined,2025-06-13 00:00:00+09:00,1360.T,SELL,361,276.79998779296875,N/A
combined,2025-06-17 00:00:00+09:00,1579.T,BUY,544,275.5,N/A
combined,2025-06-18 00:00:00+09:00,1579.T,SELL,357,280.0,N/A
combined,2025-06-18 00:00:00+09:00,1579.T,BUY,535,280.0,N/A
combined,2025-06-18 00:00:00+09:00,1360.T,BUY,381,262.1000061035156,N/A
combined,2025-06-19 00:00:00+09:00,1579.T,BUY,545,274.8999938964844,N/A
combined,2025-06-20 00:00:00+09:00,1579.T,BUY,547,273.79998779296875,N/A
combined,2025-06-25 00:00:00+09:00,1360.T,BUY,382,261.1000061035156,N/A
combined,2025-06-26 00:00:00+09:00,1579.T,SELL,344,290.0,N/A
combined,2025-06-26 00:00:00+09:00,1360.T,BUY,396,252.5,N/A
combined,2025-06-26 00:00:00+09:00,1360.T,SELL,594,252.5,N/A
combined,2025-06-27 00:00:00+09:00,1579.T,SELL,334,298.70001220703125,N/A
combined,2025-06-27 00:00:00+09:00,1360.T,BUY,408,244.89999389648438,N/A
combined,2025-06-27 00:00:00+09:00,1579.T,BUY,502,298.70001220703125,N/A
combined,2025-06-27 00:00:00+09:00,1360.T,SELL,612,244.89999389648438,N/A
combined,2025-06-30 00:00:00+09:00,1579.T,SELL,328,304.0,N/A
combined,2025-06-30 00:00:00+09:00,1360.T,BUY,414,241.0,N/A
combined,2025-06-30 00:00:00+09:00,1579.T,BUY,493,304.0,N/A
combined,2025-06-30 00:00:00+09:00,1360.T,SELL,622,241.0,N/A
combined,2025-07-01 00:00:00+09:00,1579.T,BUY,506,296.0,N/A
combined,2025-07-01 00:00:00+09:00,1360.T,SELL,607,246.89999389648438,N/A
combined,2025-07-02 00:00:00+09:00,1579.T,BUY,511,293.0,N/A
combined,2025-07-02 00:00:00+09:00,1360.T,SELL,602,249.10000610351562,N/A
combined,2025-07-03 00:00:00+09:00,1579.T,SELL,341,292.6000061035156,N/A
combined,2025-07-03 00:00:00+09:00,1360.T,BUY,401,249.1999969482422,N/A
combined,2025-07-03 00:00:00+09:00,1579.T,BUY,512,292.6000061035156,N/A
combined,2025-07-03 00:00:00+09:00,1360.T,SELL,601,249.1999969482422,N/A
combined,2025-07-04 00:00:00+09:00,1360.T,BUY,402,248.6999969482422,N/A
combined,2025-07-04 00:00:00+09:00,1360.T,SELL,603,248.6999969482422,N/A
combined,2025-07-07 00:00:00+09:00,1579.T,BUY,516,290.3999938964844,N/A
combined,2025-07-23 00:00:00+09:00,1579.T,SELL,317,314.79998779296875,N/A
combined,2025-07-23 00:00:00+09:00,1360.T,BUY,433,230.6999969482422,N/A
combined,2025-07-23 00:00:00+09:00,1360.T,SELL,650,230.6999969482422,N/A
combined,2025-07-24 00:00:00+09:00,1579.T,SELL,308,324.0,N/A
combined,2025-07-24 00:00:00+09:00,1360.T,BUY,446,223.8000030517578,N/A
combined,2025-07-24 00:00:00+09:00,1579.T,BUY,462,324.0,N/A
combined,2025-07-24 00:00:00+09:00,1360.T,SELL,670,223.8000030517578,N/A
combined,2025-07-25 00:00:00+09:00,1579.T,SELL,314,317.5,N/A
combined,2025-07-25 00:00:00+09:00,1360.T,BUY,438,228.10000610351562,N/A
combined,2025-07-25 00:00:00+09:00,1579.T,BUY,472,317.5,N/A
combined,2025-07-25 00:00:00+09:00,1360.T,SELL,657,228.10000610351562,N/A
combined,2025-07-28 00:00:00+09:00,1360.T,BUY,431,232.0,N/A
combined,2025-07-28 00:00:00+09:00,1360.T,SELL,646,232.0,N/A
combined,2025-07-29 00:00:00+09:00,1579.T,BUY,490,305.8999938964844,N/A
combined,2025-07-29 00:00:00+09:00,1360.T,SELL,633,236.60000610351562,N/A
combined,2025-07-30 00:00:00+09:00,1579.T,BUY,490,305.5,N/A
combined,2025-07-30 00:00:00+09:00,1360.T,SELL,633,236.6999969482422,N/A
combined,2025-07-31 00:00:00+09:00,1579.T,BUY,480,312.3999938964844,N/A
combined,2025-07-31 00:00:00+09:00,1360.T,SELL,647,231.5,N/A
